#,xzqmc,date,sfyd_zs,sfyd_mj,gkczyd_zs,gkczyd_mj,zzyd_zs,zzyd_mj,ggglyggfwyd_zs,ggglyggfwyd_mj,tsyd_zs,tsyd_mj,jtysyd_zs,jtysyd_mj,syjslssyd_zs,syjslssyd_mj,qttd_zs,qttd_mj
1,安徽省,2015-01-01,60,64.8654,194,712.1454,205,469.8929,132,342.4568,1,4.0628,80,612.4939,1,1.2413,0,0.0000
2,安徽省,2015-02-01,61,121.3145,168,438.0002,95,205.2103,33,104.5090,1,4.2000,35,261.0811,0,0.0000,0,0.0000
3,安徽省,2015-03-01,70,103.9656,163,407.0041,135,435.5377,211,328.7607,3,4.9692,64,277.9356,0,0.0000,2,0.2533
4,安徽省,2015-04-01,83,231.4427,211,566.9980,258,436.1660,86,348.0706,1,1.3331,67,470.9738,1,23.6028,0,0.0000
5,安徽省,2015-05-01,111,223.0752,292,754.2983,171,515.2761,159,332.1511,6,8.2412,102,869.0018,6,256.2310,5,0.7453
6,安徽省,2015-06-01,95,176.4089,200,577.3332,166,679.6417,117,140.2820,1,0.8301,56,441.0931,3,10.7769,0,0.0000
7,安徽省,2015-07-01,105,244.0739,309,734.8745,148,463.3773,147,276.7889,5,20.0155,65,1257.6308,0,0.0000,0,0.0000
8,安徽省,2015-08-01,115,353.2135,297,716.7257,213,721.3941,127,250.6198,4,1.6327,74,426.1290,7,18.9360,0,0.0000
9,安徽省,2015-09-01,153,477.2474,310,892.6650,260,977.3628,157,496.4493,10,25.6820,162,1587.2902,7,135.3501,0,0.0000
10,安徽省,2015-10-01,108,387.8242,191,600.1964,183,655.0550,173,576.0528,3,4.1040,106,870.0754,1,49.1799,0,0.0000
11,安徽省,2015-11-01,204,584.5775,390,1066.7337,391,1269.8186,233,430.1676,2,6.1621,196,1280.0156,3,14.3550,1,91.3900
12,安徽省,2015-12-01,123,336.8908,302,940.2186,283,914.0002,542,1633.1926,11,43.5480,289,1493.9469,8,21.7736,8,87.1838
13,安徽省,2016-01-01,56,91.2200,198,523.9600,97,247.7100,104,264.7600,2,1.9100,83,682.0300,0,0.0000,0,0.0000
14,安徽省,2016-02-01,54,219.9500,163,580.2700,103,255.5600,46,140.2700,4,6.5000,27,229.9900,0,0.0000,0,0.0000
15,安徽省,2016-03-01,214,176.1800,194,498.5300,166,541.2600,191,630.4700,7,21.8300,124,639.9400,1,3.5900,0,0.0000
16,安徽省,2016-04-01,69,133.1700,293,767.2700,125,431.4200,110,328.8800,4,5.6800,55,532.5200,2,7.6400,0,0.0000
17,安徽省,2016-05-01,63,182.2100,203,499.5100,131,514.4100,155,599.9900,4,22.9400,82,1188.7200,3,12.5400,6,10.6200
18,安徽省,2016-06-01,165,127.7700,227,641.9700,215,506.9400,110,3901.8000,5,11.6400,99,760.0400,2,0.4300,0,0.0000
19,安徽省,2016-07-01,104,186.2700,260,644.2000,156,458.3300,138,32250.1300,3,17.7400,124,1093.8900,1,43.3100,0,0.0000
20,安徽省,2016-08-01,120,250.7200,210,714.2200,171,558.3000,119,310.7900,2,6.2300,99,1115.1600,1,0.4400,0,0.0000
21,安徽省,2016-09-01,84,171.7500,218,831.6200,117,560.5300,101,262.2500,4,11.2600,120,953.6700,2,317.4100,5,62.7800
22,安徽省,2016-10-01,111,301.0600,184,750.8700,155,694.9600,215,1056.8700,3,17.7700,136,1073.4800,1,0.5900,0,0.0000
23,安徽省,2016-11-01,119,204.7700,257,848.7500,312,1181.7800,185,632.5300,6,17.7200,151,664.5100,1,0.4000,0,0.0000
24,安徽省,2016-12-01,96,235.1600,201,564.2200,208,1093.9500,252,1493.6300,7,13.5700,190,1895.6900,7,157.9400,0,0.0000
25,北京市,2015-01-01,11,23.8836,0,0.0000,11,52.4282,17,23.3268,1,0.2220,0,0.0000,0,0.0000,0,0.0000
26,北京市,2015-02-01,4,11.3340,0,0.0000,3,2.8366,7,16.0713,0,0.0000,1,22.1951,0,0.0000,0,0.0000
27,北京市,2015-03-01,3,3.6155,4,27.6026,5,56.2204,12,17.5304,1,0.2884,1,0.3300,0,0.0000,0,0.0000
28,北京市,2015-04-01,6,4.4074,1,0.5081,12,39.8450,8,7.5136,0,0.0000,2,3.2623,1,3.5716,0,0.0000
29,北京市,2015-05-01,10,35.7322,1,1.1400,5,14.2088,181,848.0620,2,0.6512,177,766.2512,24,31.2737,0,0.0000
30,北京市,2015-06-01,6,4.0710,1,3.1235,4,44.4047,193,1089.0029,0,0.0000,288,1817.1673,37,67.7435,11,46.2313
31,北京市,2015-07-01,9,5.1248,4,9.8061,11,58.2704,46,138.6481,0,0.0000,15,143.6864,1,2.0105,0,0.0000
32,北京市,2015-08-01,7,19.3782,17,89.8319,11,47.1412,14,30.2867,0,0.0000,4,21.3105,0,0.0000,0,0.0000
33,北京市,2015-09-01,15,27.1458,4,13.7161,12,80.5365,8,4.1961,1,0.1100,4,13.3258,0,0.0000,0,0.0000
34,北京市,2015-10-01,6,14.7792,1,0.0845,16,120.6979,5,11.7010,0,0.0000,2,65.9213,0,0.0000,0,0.0000
35,北京市,2015-11-01,14,18.5473,3,26.2675,6,41.8507,15,42.8789,0,0.0000,0,0.0000,0,0.0000,0,0.0000
36,北京市,2015-12-01,7,8.2084,5,24.4995,5,26.9073,7,23.7415,0,0.0000,17,71.7171,0,0.0000,0,0.0000
37,北京市,2016-01-01,2,11.9800,5,16.0700,3,13.5700,9,20.3100,0,0.0000,1,0.7700,0,0.0000,0,0.0000
38,北京市,2016-02-01,3,0.2300,0,0.0000,3,1.8900,7,10.5800,0,0.0000,0,0.0000,0,0.0000,0,0.0000
39,北京市,2016-03-01,4,4.2000,0,0.0000,10,38.3700,19,16.5600,0,0.0000,1,0.5300,0,0.0000,0,0.0000
40,北京市,2016-04-01,3,0.1800,0,0.0000,9,73.3300,18,28.1800,0,0.0000,1,7.8400,0,0.0000,0,0.0000
41,北京市,2016-05-01,10,3.0100,6,25.4900,7,28.7300,13,10.7900,0,0.0000,0,0.0000,0,0.0000,0,0.0000
42,北京市,2016-06-01,6,209.7400,2,94.1900,5,48.1400,13,4692.4400,0,0.0000,2,24.7600,0,0.0000,0,0.0000
43,北京市,2016-07-01,5,12.1200,0,0.0000,4,3.1600,12,46.7800,0,0.0000,4,22.7800,0,0.0000,0,0.0000
44,北京市,2016-08-01,8,3.5900,3,7.5700,4,13.8800,8,7.8000,0,0.0000,2,1.5600,0,0.0000,0,0.0000
45,北京市,2016-09-01,10,0.8100,4,22.7600,10,55.1800,6,5.0200,0,0.0000,39,10.4700,0,0.0000,0,0.0000
46,北京市,2016-10-01,4,9.7900,15,80.5600,10,31.8900,16,50.1000,0,0.0000,2,6.0300,0,0.0000,0,0.0000
47,北京市,2016-11-01,13,26.2700,17,37.6800,7,37.9700,26,109.4100,0,0.0000,11,59.2000,3,6.2200,0,0.0000
48,北京市,2016-12-01,5,6.3700,3,13.7700,8,59.7100,14,51.4600,0,0.0000,0,0.0000,0,0.0000,0,0.0000
49,福建省,2015-01-01,19,57.7929,32,119.6606,94,208.7517,75,103.3090,5,19.1825,64,981.3854,11,119.9087,0,0.0000
50,福建省,2015-02-01,22,39.9541,70,248.5356,95,126.0018,40,76.3300,1,2.8539,17,566.0004,1,50.3765,0,0.0000
51,福建省,2015-03-01,25,64.4114,73,212.6050,65,210.8160,56,87.1959,6,5.4575,37,1153.5814,1,5.6183,0,0.0000
52,福建省,2015-04-01,48,93.4299,82,217.4512,64,338.3483,92,126.7853,4,9.9373,52,537.1231,1,15.4576,0,0.0000
53,福建省,2015-05-01,20,47.4972,118,395.6131,80,127.9688,69,161.1556,4,5.0320,50,488.9319,0,0.0000,0,0.0000
54,福建省,2015-06-01,57,105.1290,148,514.8702,101,297.3231,86,371.5764,0,0.0000,50,898.6256,13,167.5245,0,0.0000
55,福建省,2015-07-01,43,91.9338,128,420.4877,43,121.2449,91,282.3179,5,3.0858,73,1195.0061,6,61.0984,0,0.0000
56,福建省,2015-08-01,38,102.6428,99,356.6615,71,206.7847,87,181.7421,3,19.9842,47,809.2484,3,8.4380,0,0.0000
57,福建省,2015-09-01,52,140.3079,154,357.8823,68,207.2216,84,146.6333,9,17.0323,47,240.9327,0,0.0000,0,0.0000
58,福建省,2015-10-01,32,33.8646,102,401.2910,51,153.5883,80,81.9844,1,0.1291,22,261.6976,2,9.3358,1,9.0097
59,福建省,2015-11-01,32,81.3269,130,305.8851,62,154.9172,106,243.8377,1,0.1794,46,417.7544,1,26.6943,0,0.0000
60,福建省,2015-12-01,44,107.7427,74,305.3385,90,234.0807,107,151.8199,6,19.1275,58,788.8609,1,17.2382,0,0.0000
61,福建省,2016-01-01,10,19.9500,108,306.6300,49,168.4100,94,199.7200,5,17.2900,107,491.9900,3,170.9800,0,0.0000
62,福建省,2016-02-01,14,12.0000,54,239.3800,23,87.6100,52,2349.3200,1,0.1500,24,133.5800,0,0.0000,0,0.0000
63,福建省,2016-03-01,28,53.3600,95,335.7400,43,161.8400,112,221.2800,6,5.8400,60,789.5500,4,33.4900,0,0.0000
64,福建省,2016-04-01,40,86.4000,104,326.7400,38,101.7000,113,298.2500,1,1.5100,90,860.4800,7,63.8900,1,236.3600
65,福建省,2016-05-01,31,54.6600,135,438.5800,34,94.2600,115,292.7200,7,20.5900,92,828.6600,7,80.3300,0,0.0000
66,福建省,2016-06-01,30,61.3800,71,304.3300,32,105.6100,90,177.5700,5,19.2800,35,270.6600,5,644.9400,1,411.4900
67,福建省,2016-07-01,22,59.3900,100,245.5200,41,105.9800,88,487.7800,3,3.2000,72,624.3400,2,6.7200,0,0.0000
68,福建省,2016-08-01,24,21.5500,114,386.4600,63,175.7400,87,206.3900,2,1.2300,60,638.3300,1,16.5300,0,0.0000
69,福建省,2016-09-01,14,27.9700,91,230.3100,44,180.9900,94,133.1600,3,6.5100,76,880.9600,3,32.8000,0,0.0000
70,福建省,2016-10-01,18,10.7100,62,258.7600,44,177.2400,96,262.2000,4,13.3700,109,782.6900,6,63.4000,0,0.0000
71,福建省,2016-11-01,20,37.5100,70,234.7900,65,152.0200,108,228.7400,10,29.6600,102,1892.6000,10,219.4300,0,0.0000
72,福建省,2016-12-01,21,89.0600,123,514.0700,75,213.1800,151,376.1700,9,27.4400,97,1038.8100,4,39.9000,0,0.0000
73,甘肃省,2015-01-01,43,65.7795,38,146.1667,25,90.6978,36,386.7253,1,53.3333,24,182.8672,2,0.1423,6,291.1036
74,甘肃省,2015-02-01,41,162.8051,38,119.8883,50,211.0719,29,338.1528,0,0.0000,40,360.1083,2,63.4126,0,0.0000
75,甘肃省,2015-03-01,39,82.8206,68,298.5859,66,160.0982,84,1586.2873,1,1.4960,8,631.4948,1,0.0560,0,0.0000
76,甘肃省,2015-04-01,83,217.0625,63,340.3236,77,177.9644,36,32.1209,2,2.4164,4,127.3441,1,0.2639,0,0.0000
77,甘肃省,2015-05-01,42,73.6737,54,359.0618,73,221.9655,57,180.4612,2,1.9881,7,140.1196,0,0.0000,0,0.0000
78,甘肃省,2015-06-01,55,108.5697,93,255.4111,78,137.9444,48,320.6021,0,0.0000,15,142.7790,0,0.0000,0,0.0000
79,甘肃省,2015-07-01,80,106.0739,78,302.0006,85,151.4660,75,3531.1803,3,12.2947,29,475.9388,2,168.7518,0,0.0000
80,甘肃省,2015-08-01,67,116.9477,59,3608.3059,62,106.4425,61,338.9618,4,10.0467,19,359.5634,1,0.2535,0,0.0000
81,甘肃省,2015-09-01,73,236.1111,59,446.7962,88,210.0339,105,689.6668,2,4.0118,19,482.1837,2,4.2925,1,22.3403
82,甘肃省,2015-10-01,39,125.5296,32,175.2347,76,309.6455,94,408.5808,2,31.0201,30,1278.0595,2,249.8639,0,0.0000
83,甘肃省,2015-11-01,64,149.8586,75,666.9199,116,330.8403,84,443.6223,0,0.0000,36,548.3177,4,258.7981,9,400.2248
84,甘肃省,2015-12-01,80,185.7597,58,411.7743,65,141.9507,58,618.8245,1,1.6718,37,1212.8324,1,33.1160,0,0.0000
85,甘肃省,2016-01-01,67,113.2900,81,800.6800,48,128.1900,55,339.0900,1,0.9700,17,550.7400,3,2.9600,0,0.0000
86,甘肃省,2016-02-01,22,43.1900,35,138.4400,31,67.0000,58,204.2800,0,0.0000,16,58.3000,8,35.9900,0,0.0000
87,甘肃省,2016-03-01,97,100.3400,59,189.3800,72,136.4600,52,265.9700,2,5.1600,16,71.2200,1,0.9100,0,0.0000
88,甘肃省,2016-04-01,56,163.8500,83,306.2600,52,142.9400,43,222.5000,1,1.3100,24,294.7500,0,0.0000,0,0.0000
89,甘肃省,2016-05-01,75,130.2700,49,129.2400,51,133.4200,71,392.9000,3,2.7000,15,55.8300,0,0.0000,0,0.0000
90,甘肃省,2016-06-01,69,78.3700,82,513.3100,61,131.1100,50,109.9300,2,0.5900,13,628.5400,1,0.1900,0,0.0000
91,甘肃省,2016-07-01,81,206.0800,65,187.2600,84,160.4000,50,294.4200,4,4.4700,12,118.6600,2,0.2000,0,0.0000
92,甘肃省,2016-08-01,63,33.5500,33,112.8600,57,251.2700,59,1075.6400,1,3.5900,17,48.5100,3,62.2000,0,0.0000
93,甘肃省,2016-09-01,55,159.5100,94,355.3200,46,98.1800,45,182.4800,5,14.4600,14,205.8600,0,0.0000,0,0.0000
94,甘肃省,2016-10-01,25,43.7200,39,556.0900,40,69.9900,48,220.7600,2,2.6000,26,1771.7600,2,23.2300,0,0.0000
95,甘肃省,2016-11-01,83,141.9300,113,867.7200,80,255.2000,57,318.6100,3,9.5800,18,426.3500,0,0.0000,12,56.7900
96,甘肃省,2016-12-01,59,125.1500,94,541.9500,38,101.0300,42,104.2900,0,0.0000,17,434.2600,0,0.0000,2,118.0700
97,广东省,2015-01-01,72,155.0030,87,346.0380,281,446.4354,50,87.7704,1,0.6667,8,140.3899,5,1.0243,0,0.0000
98,广东省,2015-02-01,29,45.1395,59,271.3311,170,129.7807,24,50.2578,0,0.0000,8,15.8524,0,0.0000,0,0.0000
99,广东省,2015-03-01,43,30.4151,117,410.7592,223,273.5416,51,142.5957,3,40.8808,21,117.4928,1,1.8390,0,0.0000
100,广东省,2015-04-01,44,66.7794,145,370.7858,257,388.2172,151,1926.3818,1,6.2618,12,141.0733,0,0.0000,0,0.0000
101,广东省,2015-05-01,80,186.0597,165,748.6838,192,280.2025,53,128.9273,1,0.0529,30,202.5004,1,1.7751,0,0.0000
102,广东省,2015-06-01,44,95.3397,142,616.0837,267,453.1626,57,109.8652,5,24.3491,33,244.0557,1,1.9282,0,0.0000
103,广东省,2015-07-01,62,149.4476,149,578.5810,273,318.9141,83,344.0802,4,14.0840,5,162.3606,1,1.5975,1,0.0367
104,广东省,2015-08-01,47,161.1035,131,481.6749,359,339.0605,78,241.4575,2,24.2869,19,210.7382,0,0.0000,0,0.0000
105,广东省,2015-09-01,62,155.8638,166,3527.8969,334,358.3486,85,238.5453,5,5.0709,42,162.4746,0,0.0000,0,0.0000
106,广东省,2015-10-01,88,173.5838,163,732.0463,276,435.9089,58,128.7758,2,1.8001,19,61.8009,1,27.5661,0,0.0000
107,广东省,2015-11-01,104,121.2848,179,1691.2119,349,748.1640,212,677.5968,5,6.0233,106,746.7604,2,6.1076,0,0.0000
108,广东省,2015-12-01,63,214.5119,171,649.4273,341,524.6030,109,384.4638,4,7.6103,64,285.7783,3,13.1838,4,1.2780
109,广东省,2016-01-01,64,146.0300,116,420.6700,236,370.0700,79,2069.7500,3,2.1400,21,874.5800,0,0.0000,0,0.0000
110,广东省,2016-02-01,31,62.8000,109,405.3200,138,270.2900,36,162.4900,1,1.0900,4,33.9200,0,0.0000,1,0.9600
111,广东省,2016-03-01,43,90.4800,134,508.6000,231,370.5600,100,251.8400,1,0.1000,54,821.1900,2,29.8600,0,0.0000
112,广东省,2016-04-01,71,128.5600,115,417.7600,234,354.9700,110,374.5300,1,6.3300,40,1034.6900,0,0.0000,20,21.1200
113,广东省,2016-05-01,86,130.2400,127,403.4900,551,331.9300,134,352.4600,4,6.3200,69,410.0100,0,0.0000,0,0.0000
114,广东省,2016-06-01,64,165.3600,110,319.2500,246,256.4700,73,182.4700,4,11.4900,105,2206.2300,1,0.8500,1,0.0400
115,广东省,2016-07-01,36,102.9000,159,424.2600,293,347.6300,106,243.9200,2,0.2100,51,659.9700,5,130.4500,2,0.8500
116,广东省,2016-08-01,40,83.6000,97,263.2500,217,231.0900,90,201.4600,7,20.8900,81,580.1300,1,0.0400,0,0.0000
117,广东省,2016-09-01,72,126.7400,176,663.5200,469,395.7900,130,459.2200,9,17.7400,95,2753.6900,0,0.0000,0,0.0000
118,广东省,2016-10-01,65,329.5500,122,518.8600,281,476.9100,117,2386.1400,4,3.4700,65,1701.9300,3,19.5200,2,1.6400
119,广东省,2016-11-01,121,290.2600,288,1062.2000,413,968.4900,204,1085.5000,1,5.6400,223,2594.7600,4,735.7000,3,0.2400
120,广东省,2016-12-01,98,262.8200,262,1382.0500,520,1302.4100,452,2929.3800,58,466.4900,430,6778.3600,23,2161.9100,1,1.7500
121,广西壮族自治区,2015-01-01,179,98.8216,51,170.4496,281,107.2135,48,152.9688,2,1.5271,19,38.4629,4,11.4700,0,0.0000
122,黑龙江省,2015-01-01,80,100.8330,144,423.1734,67,124.3844,88,85.7120,5,17.8579,30,652.2245,0,0.0000,0,0.0000
123,广西壮族自治区,2015-02-01,50,103.1876,51,187.2103,205,157.7623,26,238.0780,0,0.0000,9,231.2966,0,0.0000,0,0.0000
124,广西壮族自治区,2015-03-01,40,53.3113,83,291.4443,254,337.8749,75,1582.7013,4,14.7363,61,358.1357,2,17.4964,0,0.0000
125,广西壮族自治区,2015-04-01,54,197.3044,67,221.0723,294,261.4654,94,65.9289,3,56.1111,12,97.7395,1,0.4002,0,0.0000
126,广西壮族自治区,2015-05-01,120,100.5904,81,221.8572,296,232.8604,50,110.1776,2,2.1011,15,913.5895,1,17.4964,0,0.0000
127,广西壮族自治区,2015-06-01,44,171.6017,85,324.9895,347,239.2608,179,1316.9395,3,2.7863,143,1180.3889,3,43.4575,0,0.0000
128,广西壮族自治区,2015-07-01,68,107.9900,50,136.6272,322,302.7869,66,195.1535,2,1.2359,27,276.4709,1,0.4215,2,18.5909
129,广西壮族自治区,2015-08-01,72,101.2700,100,397.7960,288,161.4486,52,148.1655,2,2.3871,18,121.9411,0,0.0000,0,0.0000
130,广西壮族自治区,2015-09-01,64,133.6892,112,472.6945,322,457.1316,100,498.2343,2,3.5711,61,692.0873,8,94.8867,0,0.0000
131,广西壮族自治区,2015-10-01,83,45.4500,75,309.6974,554,180.9606,53,209.3988,4,9.6164,69,691.7576,1,11.8083,0,0.0000
132,广西壮族自治区,2015-11-01,120,240.7090,187,809.3334,388,392.2656,139,730.1631,5,5.9596,144,3381.2302,11,57.3657,2,14.0436
133,广西壮族自治区,2015-12-01,181,131.0223,107,555.6100,473,620.1251,247,932.9917,15,37.1349,487,3231.6595,21,457.5409,0,0.0000
134,广西壮族自治区,2016-01-01,41,62.4100,44,224.2600,246,206.0100,40,566.8000,2,3.2500,46,75.0700,0,0.0000,0,0.0000
135,广西壮族自治区,2016-02-01,29,55.9100,35,128.9500,316,82.4000,24,63.8500,0,0.0000,12,183.4200,0,0.0000,0,0.0000
136,广西壮族自治区,2016-03-01,34,70.0400,54,262.6200,245,271.8600,71,78.9700,3,6.8800,24,39.9200,1,0.1500,0,0.0000
137,广西壮族自治区,2016-04-01,46,133.1900,49,159.7500,186,142.9900,75,109.9000,3,18.6700,13,218.6400,0,0.0000,0,0.0000
138,广西壮族自治区,2016-05-01,58,63.2100,69,251.9600,316,213.9300,63,233.7300,3,6.2500,35,243.0300,0,0.0000,0,0.0000
139,广西壮族自治区,2016-06-01,26,59.3500,45,234.4000,353,230.0300,86,2085.8600,4,3.7900,135,624.3300,1,28.7200,0,0.0000
140,广西壮族自治区,2016-07-01,105,40.7000,54,261.3100,282,222.6000,123,550.1600,1,1.8300,151,703.6800,3,25.9000,0,0.0000
141,广西壮族自治区,2016-08-01,32,84.3300,32,166.4500,197,222.2600,55,118.7200,1,1.1800,43,1014.3100,0,0.0000,0,0.0000
142,广西壮族自治区,2016-09-01,38,42.7500,34,118.5100,207,246.2600,55,103.1000,4,21.5400,25,228.4100,4,0.6700,0,0.0000
143,广西壮族自治区,2016-10-01,55,73.3700,73,498.5800,281,302.2700,80,217.2100,2,8.8400,45,637.3100,0,0.0000,0,0.0000
144,广西壮族自治区,2016-11-01,86,191.0700,131,749.5500,314,604.5100,266,1151.2400,6,21.7100,93,598.5200,4,39.3000,0,0.0000
145,广西壮族自治区,2016-12-01,59,249.6700,56,226.1900,239,357.9900,138,648.6900,7,50.8700,172,1920.4600,13,977.7500,0,0.0000
146,贵州省,2015-01-01,93,123.1177,59,233.5896,256,324.6210,71,390.8092,2,12.7701,27,301.0651,1,42.8421,0,0.0000
147,贵州省,2015-02-01,68,186.1634,45,159.0242,173,174.3736,45,124.1780,3,18.3371,13,358.3366,1,0.1333,3,52.1999
148,贵州省,2015-03-01,53,76.8556,47,119.5406,152,124.6276,47,149.3478,4,11.2930,12,363.0112,1,3.0279,28,59.4162
149,贵州省,2015-04-01,90,178.4685,73,252.1361,218,354.7421,48,263.7617,0,0.0000,4,274.0659,3,4.0008,0,0.0000
150,贵州省,2015-05-01,88,123.3888,107,329.6037,300,264.4267,77,1584.9825,3,4.7060,12,36.7957,1,21.4080,0,0.0000
151,贵州省,2015-06-01,122,217.1454,58,187.2617,337,455.3282,37,144.0355,0,0.0000,14,240.9139,2,8.4782,39,141.9453
152,贵州省,2015-07-01,146,283.2031,81,379.7440,307,371.9271,85,154.8311,1,2.0076,39,306.6653,5,93.1658,61,350.1216
153,贵州省,2015-08-01,120,306.6936,60,192.9744,309,184.3960,46,63.1185,1,0.1854,17,183.2321,1,6.5838,31,120.7560
154,贵州省,2015-09-01,159,279.8644,65,322.6267,239,366.7358,84,695.3703,3,7.1445,11,63.2023,0,0.0000,119,654.1761
155,贵州省,2015-10-01,76,186.9593,48,198.7977,280,531.7134,134,581.8548,2,6.8606,19,313.8258,5,19.7234,79,375.7090
156,贵州省,2015-11-01,107,157.4582,94,231.0906,295,593.3323,142,629.6735,3,14.5444,5,71.5201,0,0.0000,55,310.8636
157,贵州省,2015-12-01,83,174.2217,119,551.4569,337,390.5086,232,943.4342,3,6.9791,31,110.6358,5,24.3622,80,440.3555
158,贵州省,2016-01-01,76,189.2700,45,120.8300,196,339.2000,45,136.8300,2,35.4100,4,19.6600,0,0.0000,5,31.5700
159,贵州省,2016-02-01,82,160.9700,37,111.0200,168,169.2700,30,70.2000,2,16.9500,5,4.4700,1,0.3300,0,0.0000
160,贵州省,2016-03-01,59,80.9200,40,173.0500,253,198.3600,30,46.3500,1,6.6100,2,10.0700,3,4.2400,8,31.1800
161,贵州省,2016-04-01,36,87.9400,49,197.7700,223,264.1900,48,107.4300,2,10.1000,4,49.1600,4,326.5200,81,219.1900
162,贵州省,2016-05-01,115,174.8100,94,337.2700,170,340.2600,50,239.2900,1,1.5500,10,53.0100,0,0.0000,10,235.4600
163,贵州省,2016-06-01,101,365.1300,93,282.4800,133,256.8400,44,93.8800,1,2.5400,10,81.9100,2,52.3300,0,0.0000
164,贵州省,2016-07-01,44,51.5700,62,187.8500,191,263.9000,166,488.1500,0,0.0000,12,580.7100,2,79.7300,1,5.0800
165,贵州省,2016-08-01,74,201.8200,65,179.4500,153,209.4800,47,161.8600,0,0.0000,1,0.4900,2,0.9600,0,0.0000
166,贵州省,2016-09-01,61,108.0200,34,192.2600,87,149.5100,51,128.9800,1,2.2600,15,330.6300,1,1.8200,1,6.3900
167,贵州省,2016-10-01,104,215.1500,59,247.3600,264,345.9300,55,118.9600,2,1.0300,21,107.3400,8,21.7200,42,274.1100
168,贵州省,2016-11-01,155,349.8300,140,539.1300,494,734.6300,213,778.9800,3,7.3600,77,867.0100,2,11.8400,23,210.5800
169,贵州省,2016-12-01,104,216.8700,140,613.3800,321,432.6700,388,1662.6900,7,51.4200,77,1554.4600,5,70.3800,146,760.3700
170,海南省,2015-01-01,3,15.2995,7,17.4838,27,26.8379,8,4.1019,0,0.0000,0,0.0000,0,0.0000,0,0.0000
171,海南省,2015-02-01,7,17.5902,2,1.2943,15,46.6137,2,24.2973,0,0.0000,0,0.0000,0,0.0000,0,0.0000
172,海南省,2015-03-01,5,9.3411,3,3.6533,10,22.3855,5,4.3138,0,0.0000,8,356.9280,0,0.0000,0,0.0000
173,海南省,2015-04-01,5,12.5952,2,12.1421,21,30.3381,7,2.8915,1,1.3976,35,165.4582,0,0.0000,0,0.0000
174,海南省,2015-05-01,13,50.1338,10,37.7576,22,53.9591,7,20.9986,0,0.0000,9,133.8689,0,0.0000,0,0.0000
175,海南省,2015-06-01,9,36.0779,2,15.3036,10,33.2975,13,63.4525,0,0.0000,1,1.6065,0,0.0000,0,0.0000
176,海南省,2015-07-01,12,10.0027,0,0.0000,6,11.4587,6,2.0146,4,54.9393,2,29.6840,0,0.0000,0,0.0000
177,海南省,2015-08-01,25,87.7686,6,38.7693,21,85.8084,22,61.7474,0,0.0000,2,18.5661,0,0.0000,0,0.0000
178,海南省,2015-09-01,22,118.0871,2,11.8237,43,90.7433,15,31.7879,0,0.0000,4,30.3775,0,0.0000,0,0.0000
179,海南省,2015-10-01,25,132.7225,6,32.1821,26,121.5136,10,46.5877,0,0.0000,2,10.0904,0,0.0000,0,0.0000
180,海南省,2015-11-01,49,89.1428,11,59.2958,56,193.7693,19,29.9087,0,0.0000,2,23.8657,0,0.0000,0,0.0000
181,海南省,2015-12-01,30,106.3038,14,45.0929,39,132.2524,19,160.7908,1,6.6668,3,75.0954,1,0.2301,2,0.7938
182,海南省,2016-01-01,12,62.7300,4,25.5800,13,29.7200,8,18.1000,1,6.6700,1,0.5100,0,0.0000,0,0.0000
183,海南省,2016-02-01,8,11.1800,1,17.6200,9,24.9400,6,36.5900,1,21.0000,2,41.1900,0,0.0000,0,0.0000
184,海南省,2016-03-01,10,15.1400,2,2.1300,30,127.1300,22,46.9700,2,4.0100,16,315.3900,1,13.1300,1,15.0500
185,海南省,2016-04-01,5,19.8200,4,9.5900,11,12.7900,17,63.0200,1,2.1900,5,264.4200,0,0.0000,0,0.0000
186,海南省,2016-05-01,13,12.7900,4,8.2100,9,26.3500,7,13.3700,0,0.0000,50,355.7800,0,0.0000,0,0.0000
187,海南省,2016-06-01,6,20.0700,4,43.5900,5,5.0700,20,42.5700,2,4.8200,4,493.2000,0,0.0000,0,0.0000
188,海南省,2016-07-01,14,15.4200,5,16.1700,27,44.8300,17,22.2900,0,0.0000,5,467.0600,0,0.0000,0,0.0000
189,海南省,2016-08-01,14,26.0800,3,18.0400,62,70.7300,15,117.9800,1,0.6600,3,6.0000,5,281.2300,0,0.0000
190,海南省,2016-09-01,17,66.4600,8,7.6500,6,15.1500,20,60.6300,3,7.7800,8,232.9000,0,0.0000,0,0.0000
191,海南省,2016-10-01,7,24.4100,8,49.0400,32,69.7900,13,18.0900,1,2.6900,12,863.8500,1,1.0000,0,0.0000
192,海南省,2016-11-01,17,54.8400,11,37.1600,25,126.4400,43,161.3900,2,7.2900,137,1275.1100,2,407.7700,0,0.0000
193,海南省,2016-12-01,18,94.7500,2,13.0400,16,43.6600,9,14.1900,2,6.8100,6,111.8200,2,31.6200,0,0.0000
194,河北省,2015-01-01,137,123.9568,224,894.3016,176,461.7963,53,83.6685,0,0.0000,8,164.8833,0,0.0000,0,0.0000
195,河北省,2015-02-01,116,259.0309,230,792.1378,161,287.9464,36,58.6645,1,0.3077,14,130.3000,0,0.0000,0,0.0000
196,河北省,2015-03-01,106,135.6231,268,615.4443,145,266.6083,66,114.2312,3,0.9732,13,433.0103,1,2.9554,0,0.0000
197,河北省,2015-04-01,127,143.7609,248,661.8380,213,487.0971,72,130.0385,1,0.1333,38,112.0298,1,3.5329,0,0.0000
198,河北省,2015-05-01,137,128.0084,388,1074.9533,227,501.7218,51,137.9858,4,7.8410,11,442.0782,0,0.0000,0,0.0000
199,河北省,2015-06-01,157,171.0879,333,673.5133,201,362.0295,74,131.1589,5,18.7986,30,1633.6681,0,0.0000,0,0.0000
200,河北省,2015-07-01,131,271.6427,288,744.1220,260,648.4948,74,209.2434,8,15.9837,37,1250.1681,0,0.0000,0,0.0000
201,河北省,2015-08-01,118,153.6547,177,431.8067,190,411.2503,76,189.5775,3,48.7977,19,533.6032,0,0.0000,2,30.4431
202,河北省,2015-09-01,123,143.2501,267,780.0394,246,587.6959,74,133.5422,3,12.3099,9,153.8782,2,7.4197,0,0.0000
203,河北省,2015-10-01,103,102.5397,202,558.0697,185,486.8230,111,195.2704,0,0.0000,27,188.2243,0,0.0000,0,0.0000
204,河北省,2015-11-01,144,231.6798,295,1256.0258,275,607.6658,113,333.7186,4,16.2607,25,709.7642,0,0.0000,0,0.0000
205,河北省,2015-12-01,125,202.1855,260,690.4642,239,512.3729,125,202.6726,2,4.1296,116,947.5063,1,643.0815,0,0.0000
206,河北省,2016-01-01,83,68.5400,164,380.4300,159,254.7600,60,315.1300,4,1.7100,34,204.9700,1,1.3700,0,0.0000
207,河北省,2016-02-01,67,108.3400,161,456.0900,186,463.5600,45,94.8800,1,0.1700,21,329.0700,0,0.0000,8,20.1900
208,河北省,2016-03-01,128,114.6400,226,1543.5100,167,334.1900,87,1413.7900,1,2.3000,45,351.1700,0,0.0000,0,0.0000
209,河北省,2016-04-01,101,149.3300,235,520.3800,141,256.7900,82,185.0700,1,1.7100,85,295.6500,1,5.7300,1,0.0000
210,河北省,2016-05-01,156,171.9200,200,987.9200,175,385.4400,85,248.6400,4,6.0900,55,646.2100,0,0.0000,3,0.1400
211,河北省,2016-06-01,123,132.8500,217,761.8800,196,454.1100,59,174.2100,1,2.0000,38,1265.3000,0,0.0000,0,0.0000
212,河北省,2016-07-01,113,160.2100,292,1093.9100,199,401.1300,93,220.6100,6,27.0800,81,184.6500,1,13.7400,1,0.0500
213,河北省,2016-08-01,140,140.6200,163,521.8000,202,402.8500,87,269.5400,1,0.4400,22,120.3700,0,0.0000,0,0.0000
214,河北省,2016-09-01,112,185.4300,201,562.9400,207,431.7100,88,318.6100,1,1.4300,34,756.1400,0,0.0000,0,0.0000
215,河北省,2016-10-01,97,111.1700,255,656.2100,154,286.5600,62,183.4500,3,7.7800,34,308.7900,0,0.0000,0,0.0000
216,河北省,2016-11-01,240,406.1100,472,1306.4400,325,833.3600,217,674.0900,3,4.0400,33,115.2800,2,8.3800,10,29.5100
217,河北省,2016-12-01,106,103.9800,312,980.4900,262,541.9100,237,4099.5000,2,1.4700,92,675.8600,1,1.0900,23,41.5200
218,河南省,2015-01-01,118,214.0710,173,595.1238,226,549.1134,102,4003.4781,1,1.0059,107,247.2289,0,0.0000,5,37.7380
219,河南省,2015-02-01,69,198.3332,600,714.9678,214,508.0241,66,165.7679,0,0.0000,35,66.8359,0,0.0000,11,42.4326
220,河南省,2015-03-01,71,190.1209,149,472.5184,172,443.4390,87,177.4839,0,0.0000,117,378.7498,0,0.0000,0,0.0000
221,河南省,2015-04-01,79,198.4097,175,544.5251,215,458.3776,74,202.4564,1,1.2236,81,373.6363,1,0.8105,0,0.0000
222,河南省,2015-05-01,88,160.7211,128,634.2999,178,520.8447,85,467.1679,1,0.6158,152,252.7860,0,0.0000,0,0.0000
223,河南省,2015-06-01,122,232.0545,192,734.8224,221,593.7170,106,310.2396,1,0.6674,48,307.3930,0,0.0000,1,0.0735
224,河南省,2015-07-01,113,198.0734,212,928.6470,166,484.0156,138,245.6684,2,11.3072,158,410.6845,1,0.3009,34,155.0472
225,河南省,2015-08-01,100,176.5302,172,747.5217,179,391.2796,148,230.6825,1,4.1922,206,1472.0071,35,153.5106,5,26.3535
226,河南省,2015-09-01,108,205.8597,231,1151.7452,228,584.4350,127,618.4774,3,13.2984,75,517.6637,3,0.8576,0,0.0000
227,河南省,2015-10-01,116,254.2902,234,788.3076,210,515.3996,63,357.8788,5,9.5341,27,562.3770,0,0.0000,0,0.0000
228,河南省,2015-11-01,166,409.4135,245,1051.0372,318,846.9554,276,996.8394,2,7.1233,303,1283.1707,0,0.0000,33,662.5151
229,河南省,2015-12-01,216,454.7956,194,821.7370,317,921.0075,407,2363.2280,3,3.6675,382,1034.1482,17,42.5378,79,759.7022
230,河南省,2016-01-01,85,183.1500,145,464.8400,192,473.5800,75,212.5400,1,0.9800,193,262.5900,0,0.0000,0,0.0000
231,河南省,2016-02-01,129,276.8600,135,496.3000,238,696.3000,43,146.8700,0,0.0000,38,85.2300,0,0.0000,0,0.0000
232,河南省,2016-03-01,38,58.8400,104,497.9600,95,297.8800,69,221.4800,0,0.0000,56,532.7100,0,0.0000,0,0.0000
233,河南省,2016-04-01,70,121.2100,112,490.4700,119,258.9300,83,184.4400,0,0.0000,215,705.9000,0,0.0000,0,0.0000
234,河南省,2016-05-01,44,57.2000,175,733.8300,164,474.9400,79,230.2700,3,11.2800,145,198.7600,0,0.0000,0,0.0000
235,河南省,2016-06-01,77,199.5300,169,732.5800,157,453.7700,96,216.1500,2,21.3800,134,193.9000,1,1.0700,0,0.0000
236,河南省,2016-07-01,116,273.4700,194,733.5100,160,479.8100,120,439.5700,3,24.0600,110,232.2900,1,4.6700,0,0.0000
237,河南省,2016-08-01,117,212.0500,180,694.7300,195,490.7600,87,264.7800,3,5.0700,73,242.6100,1,1.4500,0,0.0000
238,河南省,2016-09-01,85,177.5300,152,517.5700,129,321.1900,63,233.1700,1,11.7000,20,46.6600,0,0.0000,0,0.0000
239,河南省,2016-10-01,79,246.4200,202,830.8700,170,401.4500,108,438.1400,1,3.5000,57,203.1600,0,0.0000,0,0.0000
240,河南省,2016-11-01,127,222.4700,177,818.4700,314,900.1400,173,1352.2300,3,1.4300,106,627.1600,0,0.0000,0,0.0000
241,河南省,2016-12-01,90,234.8500,169,671.7400,293,1030.6100,215,380.9700,2,27.6000,441,866.8000,3,210.1700,3,115.0300
242,黑龙江省,2015-02-01,63,101.2564,87,270.8612,58,156.8561,16,38.4858,3,14.6837,12,724.2215,0,0.0000,0,0.0000
243,黑龙江省,2015-03-01,135,79.4036,59,288.9137,65,164.2124,56,69.4880,2,1.8831,9,13.2202,1,0.6556,0,0.0000
244,黑龙江省,2015-04-01,66,44.1400,78,262.0401,90,205.4001,94,119.8050,2,0.5204,34,335.9868,0,0.0000,0,0.0000
245,黑龙江省,2015-05-01,92,159.3289,74,565.6529,102,257.4590,58,75.9622,1,0.1602,44,195.0695,2,35.5086,0,0.0000
246,黑龙江省,2015-06-01,73,76.1737,89,306.4081,102,205.5274,94,333.6359,2,4.9981,20,115.2039,1,317.1393,0,0.0000
247,黑龙江省,2015-07-01,106,91.9712,74,256.6173,118,175.2650,69,381.2351,1,1.9300,13,564.8133,6,143.4119,0,0.0000
248,黑龙江省,2015-08-01,101,62.6447,83,447.4113,110,279.5237,99,136.6578,2,2.8507,25,434.1395,1,0.0464,0,0.0000
249,黑龙江省,2015-09-01,97,67.6538,92,363.6293,87,149.1230,89,110.6676,4,11.3012,20,1485.9547,0,0.0000,0,0.0000
250,黑龙江省,2015-10-01,79,132.7744,69,393.1659,78,249.1019,49,82.5744,7,8.2844,12,485.6271,7,100.4548,0,0.0000
251,黑龙江省,2015-11-01,57,40.4860,76,273.3153,71,171.7440,132,214.7173,1,0.3907,59,141.4084,8,80.0771,0,0.0000
252,黑龙江省,2015-12-01,74,164.7005,108,378.8858,73,117.0817,532,310.5618,5,17.0765,27,127.0682,14,3.6802,0,0.0000
253,黑龙江省,2016-01-01,52,35.7300,38,116.8300,346,220.6300,50,107.4500,3,5.1100,13,298.2400,1,214.6300,0,0.0000
254,黑龙江省,2016-02-01,48,28.1500,31,102.4500,34,83.7300,36,47.3100,1,1.9300,12,67.0900,0,0.0000,0,0.0000
255,黑龙江省,2016-03-01,96,50.0800,78,307.9000,74,271.2400,74,201.2700,5,13.8000,58,341.8600,2,56.8300,2,40.4700
256,黑龙江省,2016-04-01,54,54.3300,56,293.5400,89,199.3500,240,189.6300,3,3.7300,5,16.8800,1,5.3200,0,0.0000
257,黑龙江省,2016-05-01,79,87.4500,70,250.2600,68,140.0900,102,118.9100,8,23.8700,15,419.7300,1,0.2400,0,0.0000
258,黑龙江省,2016-06-01,58,96.6300,49,336.4600,84,206.9900,62,5007.3000,5,2.8300,17,272.8700,1,17.4700,0,0.0000
259,黑龙江省,2016-07-01,66,72.1800,66,317.0200,72,167.6900,106,123.3900,6,6.4000,18,385.8100,0,0.0000,0,0.0000
260,黑龙江省,2016-08-01,119,103.4700,78,406.1700,104,214.2700,80,1849.0900,9,27.6700,14,44.8400,1,14.2400,0,0.0000
261,黑龙江省,2016-09-01,85,52.2200,59,228.0100,50,103.2000,204,2643.7100,2,9.3200,14,34.2600,0,0.0000,0,0.0000
262,黑龙江省,2016-10-01,43,21.9100,61,3683.2200,68,212.6800,154,114.8900,1,0.6400,18,66.0200,1,7.9800,0,0.0000
263,黑龙江省,2016-11-01,105,68.4700,41,190.4600,68,147.4200,61,57.4600,1,0.1600,8,585.5600,66,31.3100,0,0.0000
264,黑龙江省,2016-12-01,62,34.1700,47,208.7800,77,186.9600,70,165.3100,6,27.9900,40,360.9800,8,904.7100,0,0.0000
265,湖北省,2015-01-01,119,192.0839,172,570.6643,500,816.7078,69,77.8858,3,2.1636,55,1240.2053,6,10.0944,0,0.0000
266,湖北省,2015-02-01,89,148.0425,195,657.4040,211,279.1944,33,72.2400,1,1.5074,30,365.1955,8,23.3298,0,0.0000
267,湖北省,2015-03-01,66,128.4931,225,787.9431,379,205.8196,51,150.4944,2,18.0715,37,240.4557,0,0.0000,0,0.0000
268,湖北省,2015-04-01,102,211.6828,222,807.4829,370,450.9507,73,227.4796,2,5.6323,26,84.7905,3,1.7561,0,0.0000
269,湖北省,2015-05-01,71,189.0728,186,760.8468,261,337.5731,44,102.7073,1,0.2538,59,399.6100,1,7.3000,0,0.0000
270,湖北省,2015-06-01,120,304.0171,374,1109.5098,405,480.5715,59,122.7658,2,12.9638,76,334.1845,0,0.0000,0,0.0000
271,湖北省,2015-07-01,175,390.5363,260,848.7197,318,553.8198,111,301.9361,4,4.1556,68,652.8983,3,15.6526,0,0.0000
272,湖北省,2015-08-01,70,228.8099,202,581.4254,432,643.8804,59,140.2384,3,40.6788,48,529.8998,0,0.0000,0,0.0000
273,湖北省,2015-09-01,87,130.0996,190,623.2396,390,666.7392,63,118.4313,3,2.4363,101,785.7206,4,11.0566,0,0.0000
274,湖北省,2015-10-01,81,196.2191,139,479.8119,322,509.5950,65,121.8258,2,8.1718,38,772.7850,3,8.5570,0,0.0000
275,湖北省,2015-11-01,152,504.2101,271,957.1078,550,1080.4871,177,630.2199,5,9.3083,203,2028.3253,0,0.0000,0,0.0000
276,湖北省,2015-12-01,170,434.3202,371,1287.4057,575,1309.2375,194,536.3528,12,65.0798,114,1056.0520,1,0.2511,0,0.0000
277,湖北省,2016-01-01,66,140.1100,173,642.1700,410,237.0300,61,130.4000,3,7.6400,33,304.0800,3,0.3500,0,0.0000
278,湖北省,2016-02-01,51,67.1200,139,605.9600,140,118.4700,33,103.4000,2,0.8000,21,62.4000,0,0.0000,0,0.0000
279,湖北省,2016-03-01,131,91.2100,219,760.9200,250,282.6200,123,128.1100,6,23.8900,23,89.8200,1,0.6800,0,0.0000
280,湖北省,2016-04-01,140,277.1800,230,713.9600,342,414.8400,95,158.2300,4,4.5200,101,220.1500,4,16.3700,0,0.0000
281,湖北省,2016-05-01,123,129.5500,224,687.7900,433,463.9200,79,227.1400,1,2.6000,65,145.1800,0,0.0000,0,0.0000
282,湖北省,2016-06-01,82,138.4200,200,626.5800,286,501.8900,88,213.0100,2,14.4700,47,475.8100,0,0.0000,0,0.0000
283,湖北省,2016-07-01,75,92.7800,209,570.9200,392,412.4600,83,217.1400,1,0.3300,86,425.9800,0,0.0000,0,0.0000
284,湖北省,2016-08-01,151,135.6600,189,532.9000,414,409.8200,64,164.8800,0,0.0000,165,332.4600,1,3.1600,0,0.0000
285,湖北省,2016-09-01,95,148.6100,159,496.3600,327,275.3300,64,172.1700,2,3.5500,28,174.8800,1,0.9200,0,0.0000
286,湖北省,2016-10-01,81,217.9900,138,359.0600,322,343.6600,71,218.4600,2,4.9500,62,321.1900,0,0.0000,0,0.0000
287,湖北省,2016-11-01,143,342.8900,250,1455.5500,377,435.4600,131,481.2200,10,21.6000,118,1135.5900,1,31.6900,0,0.0000
288,湖北省,2016-12-01,134,308.0400,160,641.7800,602,717.3600,138,493.5100,7,19.1600,111,1872.8700,1,0.0600,0,0.0000
289,湖南省,2015-01-01,177,186.2554,88,340.6592,750,365.8130,198,249.3165,3,21.2463,24,200.2087,1,2.5935,0,0.0000
290,湖南省,2015-02-01,77,102.1230,64,211.9066,384,278.7464,62,1918.1634,1,0.2197,10,28.0615,1,12.7241,0,0.0000
291,湖南省,2015-03-01,46,61.1199,65,277.1339,318,157.9285,75,205.6059,0,0.0000,29,275.8153,5,6.8053,0,0.0000
292,湖南省,2015-04-01,132,134.9248,79,262.4070,528,288.4661,74,94.1729,3,22.5078,33,125.7768,0,0.0000,0,0.0000
293,湖南省,2015-05-01,110,88.4240,133,414.8593,511,306.0269,131,179.9920,2,9.5943,58,278.0747,0,0.0000,0,0.0000
294,湖南省,2015-06-01,257,212.3929,120,445.5511,498,351.2137,84,214.0127,0,0.0000,25,312.6040,0,0.0000,0,0.0000
295,湖南省,2015-07-01,256,196.8067,105,297.1381,467,332.7715,102,360.5151,3,3.0650,86,658.3046,3,27.1846,0,0.0000
296,湖南省,2015-08-01,346,288.4528,99,251.3207,493,582.3484,100,419.6799,1,10.5458,68,1086.7733,1,13.0221,0,0.0000
297,湖南省,2015-09-01,266,397.2361,126,445.3751,648,498.8225,99,295.0244,2,16.5406,72,436.9869,0,0.0000,0,0.0000
298,湖南省,2015-10-01,215,166.0555,77,271.4517,566,405.2186,120,235.2689,2,8.8045,91,734.8083,0,0.0000,0,0.0000
299,湖南省,2015-11-01,207,340.3860,163,716.9146,885,1410.3785,289,1796.8567,1,20.4445,281,2119.9570,37,629.0986,0,0.0000
300,湖南省,2015-12-01,175,205.3076,126,486.3480,907,1192.4261,243,1249.6823,3,23.4005,140,991.2330,6,739.8836,0,0.0000
301,湖南省,2016-01-01,201,137.8300,54,190.8700,504,199.4400,75,3687.1200,2,13.3400,24,391.7900,1,21.3200,0,0.0000
302,湖南省,2016-02-01,103,109.9500,62,258.6500,271,238.2900,39,81.9600,1,0.6700,11,29.1300,0,0.0000,0,0.0000
303,湖南省,2016-03-01,138,129.1300,61,223.2900,362,269.6700,92,116.0400,2,7.2300,10,21.0800,1,0.3300,0,0.0000
304,湖南省,2016-04-01,130,231.1500,95,422.7500,326,187.5500,67,168.9200,0,0.0000,16,79.2100,0,0.0000,0,0.0000
305,湖南省,2016-05-01,155,278.3500,96,384.0400,421,280.9500,105,283.4100,6,10.0600,63,1108.5300,1,19.4200,0,0.0000
306,湖南省,2016-06-01,102,149.3800,95,281.7200,331,184.2400,80,238.2100,2,2.6100,30,592.5600,0,0.0000,0,0.0000
307,湖南省,2016-07-01,102,97.0600,69,211.8300,394,145.5000,82,223.6100,2,11.9200,20,459.0600,0,0.0000,0,0.0000
308,湖南省,2016-08-01,107,127.8200,83,286.6500,468,311.7500,81,135.0200,2,2.6700,38,530.4400,0,0.0000,0,0.0000
309,湖南省,2016-09-01,113,129.2400,81,298.3900,432,247.7700,103,123.9100,5,98.2900,34,523.1500,1,1.1600,0,0.0000
310,湖南省,2016-10-01,97,223.5700,167,711.9800,546,461.5600,228,3590.4900,8,11.6200,197,1601.7300,11,3630.9000,0,0.0000
311,湖南省,2016-11-01,242,540.0400,245,1161.8500,989,1515.1300,443,2832.1300,8,39.2900,359,3016.5200,10,162.6400,3,0.6800
312,湖南省,2016-12-01,144,229.1200,127,398.3300,774,631.7900,200,1060.7900,6,28.1200,133,957.3700,10,3887.8500,0,0.0000
313,吉林省,2015-01-01,50,15.9125,60,140.1935,65,82.7540,59,108.9423,1,0.3688,20,78.5817,1,1.9126,0,0.0000
314,吉林省,2015-02-01,62,31.3396,53,142.6810,64,127.5159,12,28.5871,0,0.0000,3,139.2504,0,0.0000,0,0.0000
315,吉林省,2015-03-01,46,71.8360,46,152.7235,52,58.4109,49,57.7379,1,24.0421,5,6.4274,0,0.0000,0,0.0000
316,吉林省,2015-04-01,74,57.7906,106,267.2089,101,148.6914,77,1265.7783,0,0.0000,31,487.1176,6,28.5089,0,0.0000
317,吉林省,2015-05-01,81,48.8237,117,319.9823,106,137.1440,65,3345.7389,2,5.7005,13,416.3005,3,0.4802,0,0.0000
318,吉林省,2015-06-01,73,89.0367,109,268.2169,88,109.8059,71,6424.3919,1,0.0238,31,3518.8541,0,0.0000,0,0.0000
319,吉林省,2015-07-01,76,29.4636,126,283.6542,117,226.7276,62,4025.7998,1,0.0323,14,95.1569,1,25.2440,0,0.0000
320,吉林省,2015-08-01,71,31.9998,85,214.8769,79,113.2663,63,57.2391,0,0.0000,29,384.5563,0,0.0000,0,0.0000
321,吉林省,2015-09-01,82,111.0044,71,193.5365,92,195.9340,137,96.1277,3,5.1886,20,100.2375,2,6.4242,0,0.0000
322,吉林省,2015-10-01,72,47.2705,58,124.9547,60,78.5284,74,129.0101,1,0.3499,3,1.9591,0,0.0000,0,0.0000
323,吉林省,2015-11-01,65,65.7196,64,226.8058,78,142.5935,60,2959.7531,0,0.0000,21,289.1586,0,0.0000,0,0.0000
324,吉林省,2015-12-01,119,146.2857,117,375.9869,83,178.0399,113,248.9563,0,0.0000,61,361.8495,2,324.4325,0,0.0000
325,吉林省,2016-01-01,159,38.2800,132,188.7100,64,65.1000,30,45.8800,1,0.2500,17,148.9700,0,0.0000,0,0.0000
326,吉林省,2016-02-01,74,36.4900,69,189.6400,46,72.5900,13,12.3500,0,0.0000,4,192.0700,1,1.4300,0,0.0000
327,吉林省,2016-03-01,124,101.2400,71,246.6900,105,182.7900,61,310.1500,5,1758.0400,1,3.0300,0,0.0000,0,0.0000
328,吉林省,2016-04-01,137,36.1800,78,274.0700,75,157.7000,45,54.4300,2,25.1400,7,231.4400,0,0.0000,0,0.0000
329,吉林省,2016-05-01,101,177.4000,100,262.2800,68,69.4800,161,118.8600,6,11.3200,8,29.7200,2,902.8200,0,0.0000
330,吉林省,2016-06-01,50,28.2800,53,155.7100,86,130.0600,40,45.9000,1,0.0900,13,569.7800,1,3.2700,0,0.0000
331,吉林省,2016-07-01,58,79.9200,70,3042.6100,73,65.4900,50,134.8400,0,0.0000,11,34.4500,0,0.0000,0,0.0000
332,吉林省,2016-08-01,71,48.7700,57,137.2500,67,59.3500,53,112.2000,7,10.3300,17,64.2400,5,5.3700,0,0.0000
333,吉林省,2016-09-01,61,54.1300,68,176.7100,83,122.2700,44,151.8100,1,0.7500,76,35.0700,1,1.4900,0,0.0000
334,吉林省,2016-10-01,77,25.6300,107,286.1100,68,88.6100,32,56.6200,3,9.2700,6,14.4000,0,0.0000,0,0.0000
335,吉林省,2016-11-01,105,229.2000,67,144.1200,99,139.1500,37,100.0800,5,5.8300,45,560.8600,4,676.6300,0,0.0000
336,吉林省,2016-12-01,50,43.1300,46,98.7700,43,26.7500,49,110.1800,2,9.8900,21,85.1800,0,0.0000,0,0.0000
337,江苏省,2015-01-01,152,354.5166,269,802.9735,231,769.4277,26,29.0749,0,0.0000,1,5.9261,0,0.0000,0,0.0000
338,江苏省,2015-02-01,104,182.3473,421,1056.4535,103,325.7895,18,29.7964,0,0.0000,2,0.7337,0,0.0000,0,0.0000
339,江苏省,2015-03-01,102,135.9223,219,547.3029,124,215.3560,12,26.9799,0,0.0000,1,16.0904,0,0.0000,0,0.0000
340,江苏省,2015-04-01,143,427.7677,575,1123.9351,157,408.8394,15,45.8575,0,0.0000,0,0.0000,0,0.0000,0,0.0000
341,江苏省,2015-05-01,138,250.6633,517,1072.8111,205,640.6758,25,99.4708,1,2.9114,5,3.9442,0,0.0000,0,0.0000
342,江苏省,2015-06-01,137,258.1106,472,1198.7505,232,551.2985,16,42.3874,0,0.0000,5,23.5682,0,0.0000,0,0.0000
343,江苏省,2015-07-01,214,315.2014,577,1245.6467,222,737.4444,17,48.9674,0,0.0000,0,0.0000,0,0.0000,0,0.0000
344,江苏省,2015-08-01,186,359.7385,473,1363.3367,163,492.7228,24,48.8476,0,0.0000,0,0.0000,0,0.0000,0,0.0000
345,江苏省,2015-09-01,265,673.4070,465,1090.0104,222,715.2702,15,32.2720,0,0.0000,3,4.0519,0,0.0000,0,0.0000
346,江苏省,2015-10-01,214,738.6514,469,1230.0035,234,897.2506,19,12.8354,0,0.0000,3,48.1663,0,0.0000,0,0.0000
347,江苏省,2015-11-01,224,513.8765,495,1146.0537,387,1269.5871,49,76.5727,0,0.0000,4,21.5636,0,0.0000,0,0.0000
348,江苏省,2015-12-01,244,432.6317,497,1243.4482,289,863.1137,35,90.6927,0,0.0000,1,1.3388,0,0.0000,0,0.0000
349,江苏省,2016-01-01,78,144.8800,279,690.5200,112,357.6400,15,20.1300,0,0.0000,0,0.0000,0,0.0000,0,0.0000
350,江苏省,2016-02-01,125,411.1400,185,684.8900,153,546.6900,17,30.5400,0,0.0000,2,24.2800,0,0.0000,0,0.0000
351,江苏省,2016-03-01,115,205.6300,342,1030.5900,176,521.5200,22,60.8000,0,0.0000,0,0.0000,0,0.0000,0,0.0000
352,江苏省,2016-04-01,147,270.4300,393,896.1900,144,485.7100,13,34.3900,0,0.0000,1,2.7000,0,0.0000,0,0.0000
353,江苏省,2016-05-01,144,365.3400,386,1052.9300,158,320.9700,30,52.7800,0,0.0000,2,43.8400,0,0.0000,0,0.0000
354,江苏省,2016-06-01,126,235.0300,573,1676.8000,174,442.3400,26,59.1700,0,0.0000,1,4.1000,0,0.0000,0,0.0000
355,江苏省,2016-07-01,97,228.9300,386,1906.7400,144,369.5800,14,39.8900,0,0.0000,1,7.1700,0,0.0000,0,0.0000
356,江苏省,2016-08-01,180,378.7400,436,839.2300,178,629.7100,27,67.0700,0,0.0000,3,15.0600,0,0.0000,0,0.0000
357,江苏省,2016-09-01,189,472.5800,455,1496.2800,159,471.7900,14,47.3900,0,0.0000,0,0.0000,0,0.0000,0,0.0000
358,江苏省,2016-10-01,171,520.6300,323,731.2200,140,400.5600,14,25.2000,0,0.0000,1,0.8700,0,0.0000,0,0.0000
359,江苏省,2016-11-01,273,624.3800,608,1840.7500,228,828.0300,37,138.8600,0,0.0000,5,21.4500,0,0.0000,0,0.0000
360,江苏省,2016-12-01,140,394.7400,545,1306.5800,247,795.5600,29,87.0800,0,0.0000,2,9.1500,0,0.0000,0,0.0000
361,江西省,2015-01-01,227,240.2179,162,576.9683,246,406.5853,85,150.9417,3,5.5540,65,1285.5164,1,0.0595,0,0.0000
362,江西省,2015-02-01,74,81.4072,176,756.9910,103,208.5363,43,130.0084,0,0.0000,4,79.0251,0,0.0000,0,0.0000
363,江西省,2015-03-01,59,103.9052,149,468.9300,115,234.1886,70,144.3115,4,11.1629,36,269.8340,0,0.0000,0,0.0000
364,江西省,2015-04-01,54,115.7045,138,429.5223,165,221.5660,83,117.6856,4,6.9915,31,239.1219,0,0.0000,0,0.0000
365,江西省,2015-05-01,70,205.8362,197,563.8796,160,275.4268,130,953.3071,5,6.6049,84,300.0955,0,0.0000,0,0.0000
366,江西省,2015-06-01,138,148.6438,170,658.7717,240,428.7175,138,270.2960,3,10.0933,48,559.5382,0,0.0000,0,0.0000
367,江西省,2015-07-01,53,67.2928,186,818.4281,177,319.2235,97,230.1070,5,50.1552,36,386.9172,0,0.0000,0,0.0000
368,江西省,2015-08-01,73,181.9842,149,442.1022,254,602.8078,110,181.3631,3,17.3344,46,532.9008,1,15.6680,0,0.0000
369,江西省,2015-09-01,205,290.0618,224,754.8264,301,701.6997,146,2824.6968,1,0.1905,42,134.0244,1,0.8933,0,0.0000
370,江西省,2015-10-01,73,142.0756,124,511.4470,146,327.3014,83,508.8105,1,0.1574,104,402.9381,0,0.0000,0,0.0000
371,江西省,2015-11-01,130,214.9751,182,754.7472,264,545.4735,186,375.6366,1,3.9396,100,562.8702,1,11.1819,0,0.0000
372,江西省,2015-12-01,128,253.9893,187,654.0724,330,685.1251,262,457.1474,3,9.7282,118,852.1391,2,0.6933,0,0.0000
373,江西省,2016-01-01,84,188.4600,89,294.0100,162,206.9100,86,246.3400,1,12.5900,56,947.2100,0,0.0000,0,0.0000
374,江西省,2016-02-01,66,83.1900,119,436.2500,133,176.4000,69,73.6700,2,2.3500,28,572.5800,0,0.0000,0,0.0000
375,江西省,2016-03-01,56,127.8600,128,333.6000,162,202.7300,107,265.2700,0,0.0000,29,300.5600,2,0.5800,0,0.0000
376,江西省,2016-04-01,58,149.3500,132,626.7700,141,246.8300,98,3817.3800,3,20.8200,30,244.5800,0,0.0000,0,0.0000
377,江西省,2016-05-01,46,126.8900,130,388.8700,103,203.7100,126,158.1600,4,8.6900,13,423.7200,0,0.0000,0,0.0000
378,江西省,2016-06-01,46,54.3700,117,511.3100,133,295.1800,72,214.6000,0,0.0000,30,201.0500,0,0.0000,0,0.0000
379,江西省,2016-07-01,44,75.9300,138,458.1800,96,266.1800,100,253.2000,3,21.0000,57,389.5700,2,0.2800,0,0.0000
380,江西省,2016-08-01,27,62.7300,122,358.8100,115,235.3500,99,353.3100,1,1.4000,27,248.2600,1,20.6800,0,0.0000
381,江西省,2016-09-01,69,159.1400,103,304.0700,105,324.0200,60,218.2000,1,2.6000,44,483.6200,0,0.0000,0,0.0000
382,江西省,2016-10-01,50,101.9000,108,412.6100,130,260.1600,134,328.5600,3,16.0000,38,354.5900,1,0.7000,0,0.0000
383,江西省,2016-11-01,78,184.7900,157,522.6700,184,497.6900,197,556.1100,3,1.0700,83,854.2300,2,0.0900,0,0.0000
384,江西省,2016-12-01,105,284.1100,144,551.4700,234,584.9400,229,511.4400,6,39.5200,95,1713.7600,0,0.0000,106,1862.2100
385,辽宁省,2015-01-01,69,133.5649,81,609.6631,60,250.4676,43,202.7464,3,2.6449,25,462.8977,0,0.0000,1,0.0549
386,辽宁省,2015-02-01,48,144.9405,50,372.5440,26,128.5409,22,70.1913,2,7.9092,5,24.4397,0,0.0000,0,0.0000
387,辽宁省,2015-03-01,59,101.1274,66,603.8805,55,120.5295,75,211.2300,0,0.0000,39,281.8325,2,0.2388,0,0.0000
388,辽宁省,2015-04-01,95,82.5870,146,815.9277,78,236.3399,59,149.1573,3,10.5629,18,87.9311,0,0.0000,0,0.0000
389,辽宁省,2015-05-01,108,178.6812,154,505.5741,57,116.0657,64,96.2041,0,0.0000,33,92.9810,2,1405.3318,0,0.0000
390,辽宁省,2015-06-01,120,148.0470,133,344.4502,62,151.6745,116,250.8860,4,23.2892,104,645.8844,0,0.0000,0,0.0000
391,辽宁省,2015-07-01,107,198.6887,189,520.9916,79,173.3594,81,117.1282,5,9.0084,50,336.3066,2,0.7975,0,0.0000
392,辽宁省,2015-08-01,108,142.7350,98,406.7038,82,240.3768,91,285.1414,3,0.6580,20,96.5179,2,2352.6105,1,0.5342
393,辽宁省,2015-09-01,81,87.8930,100,408.8991,55,149.3973,198,518.9294,1,3.3405,39,290.8399,0,0.0000,0,0.0000
394,辽宁省,2015-10-01,70,64.4290,58,136.8331,43,80.0869,155,490.7071,5,15.5063,19,111.4335,0,0.0000,0,0.0000
395,辽宁省,2015-11-01,101,194.6557,156,7973.3195,87,264.4178,92,491.9881,0,0.0000,61,1131.4409,1,0.1654,6,30.8278
396,辽宁省,2015-12-01,115,299.7467,113,731.1289,78,207.3095,216,3308.2567,29,98.1551,177,5750.2563,3,960.0718,0,0.0000
397,辽宁省,2016-01-01,49,32.3800,70,647.8300,27,61.4600,48,40.1300,4,3.9900,26,368.9600,1,3.4800,0,0.0000
398,辽宁省,2016-02-01,75,123.3700,75,480.3700,42,140.8100,37,100.8600,3,5.3700,10,289.9300,0,0.0000,0,0.0000
399,辽宁省,2016-03-01,70,61.8800,116,467.2800,53,167.8100,65,359.2600,2,2.3200,18,97.4600,1,0.1500,0,0.0000
400,辽宁省,2016-04-01,105,125.7500,145,439.3000,62,181.2900,64,84.4900,3,0.7800,39,586.6600,0,0.0000,0,0.0000
401,辽宁省,2016-05-01,103,55.6700,85,319.3700,42,90.0000,56,145.0700,4,36.2900,12,365.3300,0,0.0000,0,0.0000
402,辽宁省,2016-06-01,111,65.6000,84,383.5700,40,102.2300,52,116.5900,2,0.8700,28,446.0800,1,1.2600,0,0.0000
403,辽宁省,2016-07-01,119,58.3600,70,234.4500,37,90.9100,50,201.1200,1,0.8200,37,579.9600,1,1.9400,0,0.0000
404,辽宁省,2016-08-01,99,112.0400,73,208.8000,58,114.4100,56,187.3400,2,0.5300,35,130.9500,0,0.0000,1,0.0200
405,辽宁省,2016-09-01,66,66.3400,93,337.7600,38,198.4800,65,74.4600,3,3.8100,32,218.9200,0,0.0000,0,0.0000
406,辽宁省,2016-10-01,81,156.3200,63,207.8100,36,104.1600,50,129.3400,3,4.6700,29,88.8200,0,0.0000,0,0.0000
407,辽宁省,2016-11-01,132,105.3500,85,243.5900,43,138.8800,167,567.6600,3,38.4400,65,798.9100,1,925.4400,11,166.3300
408,辽宁省,2016-12-01,100,36.1200,57,250.8400,126,1386.6700,81,2635.9000,1,2.6500,67,1689.6800,2,21.7400,0,0.0000
409,内蒙古自治区,2015-01-01,91,243.3200,58,2648.3438,95,110.6974,116,751.9543,4,7.0421,33,242.5487,0,0.0000,0,0.0000
410,内蒙古自治区,2015-02-01,112,64.2059,60,551.0793,70,175.6414,45,87.1426,4,27.9766,27,371.1406,0,0.0000,0,0.0000
411,内蒙古自治区,2015-03-01,57,37.0906,55,313.5275,76,92.4284,108,195.3490,3,2.1098,35,384.4945,0,0.0000,0,0.0000
412,内蒙古自治区,2015-04-01,153,128.8119,144,1214.1276,157,258.2193,183,230.9647,7,15.9396,20,115.6972,1,64.6865,0,0.0000
413,内蒙古自治区,2015-05-01,146,192.7495,109,574.9327,128,294.3892,104,246.9411,2,2.1817,33,832.4009,0,0.0000,0,0.0000
414,内蒙古自治区,2015-06-01,140,117.1207,105,654.5461,128,204.7823,123,283.3888,7,15.6050,39,1379.4443,0,0.0000,0,0.0000
415,内蒙古自治区,2015-07-01,158,169.7892,150,1339.3554,171,230.6329,135,3000.1104,8,4.8855,24,946.9244,0,0.0000,0,0.0000
416,内蒙古自治区,2015-08-01,120,191.0340,128,690.4669,109,187.0598,99,262.6766,3,2.7334,27,1211.8378,0,0.0000,0,0.0000
417,内蒙古自治区,2015-09-01,145,139.3702,117,757.9013,115,156.0991,97,221.8891,2,8.4000,39,1317.5419,1,4.6179,1,11.4443
418,内蒙古自治区,2015-10-01,110,149.2777,60,329.7241,170,252.2145,80,217.0958,3,47.1601,18,1615.8712,0,0.0000,0,0.0000
419,内蒙古自治区,2015-11-01,281,199.0553,110,821.2086,110,256.1537,132,970.2241,3,33.2372,88,2621.6302,0,0.0000,0,0.0000
420,内蒙古自治区,2015-12-01,283,176.2909,77,786.1469,122,276.1521,118,2218.1769,2,35.3339,51,1050.2604,1,64.6865,0,0.0000
421,内蒙古自治区,2016-01-01,86,49.0300,50,296.7400,57,120.7300,112,1264.0400,0,0.0000,11,135.3500,0,0.0000,1,66.9700
422,内蒙古自治区,2016-02-01,47,61.3100,34,219.6200,37,75.5800,50,104.1300,0,0.0000,11,194.3500,0,0.0000,0,0.0000
423,内蒙古自治区,2016-03-01,106,103.6600,89,382.7100,84,126.7800,157,592.8700,12,52.3100,8,108.1700,0,0.0000,0,0.0000
424,内蒙古自治区,2016-04-01,148,171.9500,100,438.1900,119,238.6900,111,152.6800,0,0.0000,12,1240.3800,0,0.0000,0,0.0000
425,内蒙古自治区,2016-05-01,104,65.7200,66,844.3100,130,148.1700,90,139.6900,3,2.4400,38,730.6800,0,0.0000,0,0.0000
426,内蒙古自治区,2016-06-01,132,150.7100,80,677.0700,215,271.8900,174,229.8800,11,28.9600,13,898.8300,1,37.2600,0,0.0000
427,内蒙古自治区,2016-07-01,339,92.5000,99,980.5600,82,171.9000,111,238.9000,0,0.0000,24,69.4100,0,0.0000,0,0.0000
428,内蒙古自治区,2016-08-01,129,147.7600,80,539.1500,80,159.7000,108,243.5700,6,11.1700,36,837.8200,0,0.0000,0,0.0000
429,内蒙古自治区,2016-09-01,101,78.5000,56,340.8200,156,322.4800,131,249.4600,7,40.0600,44,317.6100,1,20.6800,0,0.0000
430,内蒙古自治区,2016-10-01,128,109.1900,73,269.4600,149,144.1400,83,930.3100,0,0.0000,14,495.1600,0,0.0000,0,0.0000
431,内蒙古自治区,2016-11-01,144,73.6700,82,704.8200,153,116.8100,132,463.8600,6,6.7000,26,1348.2000,4,3.7600,0,0.0000
432,内蒙古自治区,2016-12-01,99,53.9000,58,409.3400,124,376.5000,229,4487.2200,6,4.5700,26,7230.6700,0,0.0000,0,0.0000
433,宁夏回族自治区,2015-01-01,23,18.4714,26,156.7360,12,68.3465,36,82.8815,2,4.3000,29,262.2741,0,0.0000,0,0.0000
434,宁夏回族自治区,2015-02-01,47,42.9553,42,143.6636,17,93.1426,31,198.2338,1,0.3335,15,214.3678,1,0.0240,0,0.0000
435,宁夏回族自治区,2015-03-01,28,33.9159,43,173.7093,12,84.8265,54,106.7613,0,0.0000,45,168.1130,0,0.0000,0,0.0000
436,宁夏回族自治区,2015-04-01,31,33.0101,134,372.0960,25,139.4570,77,272.1219,9,4.7936,36,375.0693,31,25.8803,1,7.2723
437,宁夏回族自治区,2015-05-01,37,54.1407,64,578.2375,14,72.0003,47,138.2585,2,2.6550,12,299.5543,0,0.0000,0,0.0000
438,宁夏回族自治区,2015-06-01,53,52.4593,74,305.1085,16,175.5976,40,509.6868,1,11.7653,22,294.8443,1,0.1225,0,0.0000
439,宁夏回族自治区,2015-07-01,31,36.4221,75,314.6774,22,41.8748,62,128.3623,3,16.0702,9,164.8745,0,0.0000,0,0.0000
440,宁夏回族自治区,2015-08-01,43,64.8452,43,292.1573,57,241.1758,54,130.8985,2,2.5718,22,398.5911,0,0.0000,0,0.0000
441,宁夏回族自治区,2015-09-01,32,95.7097,51,168.2094,36,197.7214,94,364.1644,6,9.5375,25,1215.4543,1,7.0091,1,8.1515
442,宁夏回族自治区,2015-10-01,40,25.0272,15,107.1105,16,52.5608,60,204.6245,4,17.7493,31,246.8564,0,0.0000,1,32.2306
443,宁夏回族自治区,2015-11-01,38,31.8584,65,430.9819,24,78.4804,63,250.7645,3,16.5728,21,181.8789,2,5.5377,0,0.0000
444,宁夏回族自治区,2015-12-01,46,93.8127,29,123.0168,14,63.3990,40,145.6762,3,18.5483,21,723.5319,1,6.1875,0,0.0000
445,宁夏回族自治区,2016-01-01,18,19.6000,20,155.8400,8,74.2900,21,3048.0000,1,18.3500,5,146.0000,1,22.2900,0,0.0000
446,宁夏回族自治区,2016-02-01,14,17.6400,40,215.8200,14,45.7300,31,107.7500,2,42.9400,15,76.6300,0,0.0000,0,0.0000
447,宁夏回族自治区,2016-03-01,9,42.3200,74,392.1100,12,20.1100,65,123.6300,7,29.3900,19,111.2400,2,8.3500,0,0.0000
448,宁夏回族自治区,2016-04-01,32,36.0300,36,409.9300,17,49.9500,42,75.2100,0,0.0000,17,390.7800,0,0.0000,0,0.0000
449,宁夏回族自治区,2016-05-01,32,74.7200,52,202.1400,12,61.2400,82,207.9800,2,3.4500,11,115.6900,1,6.9100,0,0.0000
450,宁夏回族自治区,2016-06-01,23,46.4400,42,325.5700,18,183.0000,59,110.3300,6,1.6300,9,295.3000,0,0.0000,0,0.0000
451,宁夏回族自治区,2016-07-01,26,33.8600,28,215.9400,19,109.9400,28,69.2800,1,0.2300,19,105.8400,0,0.0000,0,0.0000
452,宁夏回族自治区,2016-08-01,23,52.9900,55,203.5800,7,40.9100,52,124.8000,4,4.0200,12,152.6500,1,9.2400,0,0.0000
453,宁夏回族自治区,2016-09-01,18,241.2500,44,545.0700,10,31.8200,33,153.0900,2,0.5600,12,252.6500,3,31.1600,0,0.0000
454,宁夏回族自治区,2016-10-01,17,12.3500,12,126.9700,10,28.9500,24,29.1500,0,0.0000,8,111.6100,0,0.0000,0,0.0000
455,宁夏回族自治区,2016-11-01,35,24.9900,24,158.8300,15,77.7500,35,48.8100,1,2.9900,36,417.3400,2,40.4200,0,0.0000
456,宁夏回族自治区,2016-12-01,35,20.4800,21,128.7500,19,81.0000,20,160.3800,2,4.3300,8,206.0800,0,0.0000,0,0.0000
457,青海省,2015-01-01,20,18.8130,5,70.6285,9,28.6659,21,46.5751,1,13.0000,4,202.0460,2,271.8652,0,0.0000
458,青海省,2015-02-01,9,4.3483,8,106.4445,8,16.1791,8,7.8789,0,0.0000,2,16.7733,0,0.0000,0,0.0000
459,青海省,2015-03-01,27,15.8377,11,23.2982,32,58.7544,36,169.7206,0,0.0000,14,758.8017,1,69.9144,0,0.0000
460,青海省,2015-04-01,25,7.1917,39,536.3468,8,31.3948,13,32.1040,2,3.1136,3,449.8025,0,0.0000,0,0.0000
461,青海省,2015-05-01,63,42.5799,19,183.7334,37,71.8816,33,75.6686,1,0.3129,8,54.3691,0,0.0000,0,0.0000
462,青海省,2015-06-01,16,25.9227,33,388.3208,16,50.4319,21,18.4435,1,6.8191,3,465.7624,1,35.3340,0,0.0000
463,青海省,2015-07-01,56,25.3775,17,279.4138,23,10.1810,29,109.4786,1,5.3400,6,811.7849,5,272.2985,0,0.0000
464,青海省,2015-08-01,46,58.4255,19,344.1061,27,27.0692,21,24.7089,0,0.0000,13,2210.4271,0,0.0000,0,0.0000
465,青海省,2015-09-01,43,52.2612,13,38.0094,34,51.1579,11,36.4482,1,18.8541,8,88.8040,0,0.0000,0,0.0000
466,青海省,2015-10-01,19,13.7831,15,79.8451,5,7.5391,25,28.3831,1,2.1898,4,47.8815,1,0.7420,0,0.0000
467,青海省,2015-11-01,66,20.5686,40,1677.0420,13,18.5263,25,24.9887,0,0.0000,5,885.1572,1,2.1572,0,0.0000
468,青海省,2015-12-01,46,17.4099,37,143.7506,30,37.6682,42,153.1218,4,37.6292,6,451.5731,0,0.0000,0,0.0000
469,青海省,2016-01-01,61,32.0900,14,441.3400,11,14.8900,20,2715.8300,0,0.0000,3,24.1000,1,489.8000,0,0.0000
470,青海省,2016-02-01,19,14.1000,12,295.9900,8,27.2600,19,21.5600,0,0.0000,0,0.0000,2,7.0700,0,0.0000
471,青海省,2016-03-01,32,24.1600,5,11.4500,23,93.9600,24,187.3700,1,15.3300,1,0.6600,1,0.2000,0,0.0000
472,青海省,2016-04-01,23,39.5200,17,745.1900,10,5.7500,21,27.8700,2,2.5100,1,0.3200,0,0.0000,0,0.0000
473,青海省,2016-05-01,60,63.9400,18,191.2800,12,20.6300,22,68.8800,1,0.3000,12,245.9600,0,0.0000,1,570.7000
474,青海省,2016-06-01,27,24.0600,26,284.9800,11,16.8700,15,265.1100,1,0.8600,3,342.5200,0,0.0000,0,0.0000
475,青海省,2016-07-01,45,22.5000,23,623.0100,13,20.4800,17,252.2500,0,0.0000,5,2400.4600,0,0.0000,0,0.0000
476,青海省,2016-08-01,99,22.3900,10,150.5300,13,8.3500,12,76.9200,2,7.2600,2,45.1200,0,0.0000,0,0.0000
477,青海省,2016-09-01,45,33.8600,27,653.3300,22,91.0100,27,408.5900,0,0.0000,3,205.3600,2,38.8300,0,0.0000
478,青海省,2016-10-01,38,25.2800,4,15.5200,9,18.9600,14,27.8600,1,0.1800,5,132.2100,0,0.0000,2,146.6700
479,青海省,2016-11-01,36,22.8000,18,520.4300,12,99.4300,15,30.0900,1,5.5000,3,5.8700,0,0.0000,0,0.0000
480,青海省,2016-12-01,94,39.0600,24,1340.8300,11,104.1000,15,1241.6700,1,18.5300,3,417.5100,1,103.6300,1,96.6700
481,山东省,2015-01-01,144,166.5496,213,615.8389,172,410.3112,152,128.0039,4,16.8220,107,525.8252,4,160.0723,1,12.8481
482,山东省,2015-02-01,85,167.1096,176,659.9016,149,471.9024,60,2818.2362,1,1.4858,45,100.1030,1,0.3334,0,0.0000
483,山东省,2015-03-01,112,221.7902,228,642.3624,217,719.2462,103,307.7438,1,0.2027,50,172.1415,2,24.6506,66,469.5188
484,山东省,2015-04-01,149,197.8265,342,1296.0648,219,607.7553,221,2798.1498,4,13.2808,36,199.8646,0,0.0000,0,0.0000
485,山东省,2015-05-01,194,200.5909,454,1441.8917,307,923.7977,129,270.9958,2,0.3548,62,474.8143,4,315.7260,0,0.0000
486,山东省,2015-06-01,176,334.2814,409,1457.6816,312,905.7409,130,1577.2881,3,24.2002,56,270.5298,4,141.3213,0,0.0000
487,山东省,2015-07-01,219,491.9912,384,1421.5140,330,1066.4251,106,9571.1129,4,5.2251,78,339.4050,2,144.1258,0,0.0000
488,山东省,2015-08-01,199,311.8083,404,1304.3726,291,949.6576,150,582.4277,3,22.0826,83,249.5820,1,0.1667,1,12.4331
489,山东省,2015-09-01,186,309.9919,459,1418.3763,285,779.1683,166,435.2329,1,2.0000,191,504.0542,13,0.7139,0,0.0000
490,山东省,2015-10-01,185,308.9303,273,896.2599,226,700.1052,141,505.3110,3,3.2611,97,941.5971,1,31.6849,0,0.0000
491,山东省,2015-11-01,258,682.1767,384,1410.5533,352,1287.8955,204,411.8884,3,1.4964,148,993.3439,7,185.1568,0,0.0000
492,山东省,2015-12-01,156,320.2963,392,2291.8084,327,1081.5911,160,436.2078,3,12.0203,83,509.8765,8,784.4390,0,0.0000
493,山东省,2016-01-01,107,155.9100,194,910.2900,177,505.3400,124,246.6300,2,11.1700,58,152.9100,1,0.3300,0,0.0000
494,山东省,2016-02-01,146,261.6700,192,603.3600,131,327.2100,90,167.0000,2,3.9200,90,296.1800,1,2.7000,0,0.0000
495,山东省,2016-03-01,127,241.8200,322,891.7700,304,814.8700,200,4455.4200,5,3.6800,88,424.5800,4,891.6000,0,0.0000
496,山东省,2016-04-01,189,314.8900,455,1368.5100,329,809.0400,209,565.8400,4,6.3500,63,288.5600,1,43.6900,1,0.7900
497,山东省,2016-05-01,188,413.1200,332,1164.6000,281,909.8900,176,331.5500,4,14.5900,25,127.5000,0,0.0000,1,0.3300
498,山东省,2016-06-01,183,382.9600,367,1207.8800,327,1010.9100,150,2672.2300,4,4.2300,37,151.1100,1,0.1600,0,0.0000
499,山东省,2016-07-01,161,248.7400,255,900.9300,252,884.0600,168,456.6000,1,5.0700,88,428.3300,0,0.0000,0,0.0000
500,山东省,2016-08-01,185,344.1000,307,1126.0000,307,990.1800,173,421.4100,0,0.0000,49,229.6800,3,57.9300,0,0.0000
501,山东省,2016-09-01,171,324.8800,248,1708.2200,274,914.5600,221,400.8500,2,4.6700,100,1062.2600,4,270.6000,0,0.0000
502,山东省,2016-10-01,141,302.0400,177,1549.3800,207,617.5900,131,459.8500,3,7.9300,62,1499.8200,5,280.2700,0,0.0000
503,山东省,2016-11-01,181,408.5600,316,936.1900,294,826.5200,210,2167.7800,2,7.5700,134,1972.3200,4,412.1200,0,0.0000
504,山东省,2016-12-01,185,325.1600,253,960.2500,309,1003.7000,307,2643.1500,7,16.2000,209,1193.2300,7,720.5900,0,0.0000
505,山西省,2015-01-01,85,65.3345,49,193.2379,59,84.3336,28,44.3687,3,14.5683,2,133.5788,0,0.0000,0,0.0000
506,山西省,2015-02-01,34,32.9516,24,135.6366,29,70.7159,10,87.8805,0,0.0000,0,0.0000,0,0.0000,0,0.0000
507,山西省,2015-03-01,52,49.6991,35,159.2955,69,153.4733,26,34.4598,1,0.6000,3,381.8316,0,0.0000,0,0.0000
508,山西省,2015-04-01,59,52.9788,62,191.8555,67,99.9857,45,112.2432,2,2.8686,15,324.3987,0,0.0000,0,0.0000
509,山西省,2015-05-01,70,28.0825,65,228.0572,63,141.5153,31,50.9543,0,0.0000,9,767.0462,0,0.0000,0,0.0000
510,山西省,2015-06-01,44,73.2494,53,184.2596,55,101.6156,48,95.2347,4,5.1025,21,13.6647,0,0.0000,0,0.0000
511,山西省,2015-07-01,51,74.0716,65,177.2501,77,150.2441,58,60.9338,2,13.1832,8,271.1286,0,0.0000,0,0.0000
512,山西省,2015-08-01,69,77.1969,55,179.5667,59,132.8331,46,61.6267,2,4.3500,18,118.5166,1,0.1194,0,0.0000
513,山西省,2015-09-01,78,63.2588,62,228.0720,87,211.0607,68,170.1636,3,5.0036,32,345.7612,0,0.0000,0,0.0000
514,山西省,2015-10-01,31,15.9722,24,164.7470,48,112.0651,45,122.4357,2,1.2452,18,412.9035,2,10.2738,0,0.0000
515,山西省,2015-11-01,110,193.5321,81,397.7113,131,301.8443,72,100.8889,1,0.8243,16,127.3812,1,3.4744,0,0.0000
516,山西省,2015-12-01,70,84.4713,64,245.2750,96,199.3278,57,130.4183,6,5.7863,57,1515.3237,0,0.0000,0,0.0000
517,山西省,2016-01-01,51,33.0600,46,227.6900,53,119.6100,25,31.2700,6,8.5600,12,28.5900,0,0.0000,0,0.0000
518,山西省,2016-02-01,39,29.9600,40,148.4300,29,58.3000,13,18.7200,1,1.4400,7,16.2900,0,0.0000,0,0.0000
519,山西省,2016-03-01,94,91.5800,43,193.9700,77,101.5800,47,79.9400,1,0.6300,17,227.5200,0,0.0000,0,0.0000
520,山西省,2016-04-01,37,30.3100,36,130.9900,51,122.5500,49,184.5800,1,0.4800,14,49.3500,0,0.0000,0,0.0000
521,山西省,2016-05-01,62,39.5800,64,225.4900,53,100.6900,39,76.5400,1,0.0400,12,11.1200,0,0.0000,0,0.0000
522,山西省,2016-06-01,52,45.2100,28,117.1300,67,151.0500,40,63.2000,3,7.3300,2,7.9800,0,0.0000,0,0.0000
523,山西省,2016-07-01,42,38.5200,24,59.9700,52,132.9700,26,43.9900,1,0.6700,7,325.3500,2,2.4700,0,0.0000
524,山西省,2016-08-01,47,34.9300,45,512.0500,52,119.4600,29,57.0900,3,11.0200,27,587.3700,0,0.0000,0,0.0000
525,山西省,2016-09-01,43,34.9900,40,124.6400,57,191.0700,52,181.0200,6,27.8100,85,3967.1400,3,255.5400,0,0.0000
526,山西省,2016-10-01,92,60.9700,33,163.1900,54,131.0100,38,84.8500,1,0.6700,23,516.6400,3,1255.0300,0,0.0000
527,山西省,2016-11-01,95,119.3100,68,474.0200,108,239.2100,62,189.5100,0,0.0000,20,461.7200,0,0.0000,2,9.1600
528,山西省,2016-12-01,58,47.8000,70,345.0700,105,287.6100,59,188.4300,2,1.8600,25,838.4600,1,2.3500,0,0.0000
529,陕西省,2015-01-01,40,54.5386,53,285.8784,120,248.1375,40,121.5373,4,109.0463,38,752.5618,0,0.0000,0,0.0000
530,陕西省,2015-02-01,24,47.6335,39,241.7753,76,156.7163,8,8.5075,0,0.0000,25,201.7516,0,0.0000,0,0.0000
531,陕西省,2015-03-01,55,57.7605,37,237.9884,80,157.8127,53,75.8271,6,32.4493,27,414.4514,2,0.5609,0,0.0000
532,陕西省,2015-04-01,66,71.6879,58,223.3803,85,204.5405,43,77.0667,5,14.5821,38,104.0395,6,9.5976,0,0.0000
533,陕西省,2015-05-01,78,122.4360,70,341.0790,103,186.9469,30,57.2048,4,5.5900,36,476.8079,0,0.0000,0,0.0000
534,陕西省,2015-06-01,64,111.5573,65,457.2366,120,271.0273,55,210.9869,0,0.0000,36,135.4209,0,0.0000,0,0.0000
535,陕西省,2015-07-01,56,69.2924,66,449.8386,136,130.2796,55,110.2434,2,2.1663,45,748.1464,0,0.0000,0,0.0000
536,陕西省,2015-08-01,69,74.7020,104,479.3895,115,274.4358,39,85.9218,3,12.1821,18,1184.7574,0,0.0000,0,0.0000
537,陕西省,2015-09-01,70,117.6988,56,375.0686,101,204.4757,40,94.5309,3,12.9729,22,101.3744,0,0.0000,0,0.0000
538,陕西省,2015-10-01,139,106.5494,39,170.4661,69,141.5434,54,44.0946,1,1.9921,38,141.6181,0,0.0000,0,0.0000
539,陕西省,2015-11-01,86,122.2092,137,773.5969,157,383.3453,60,220.4296,3,2.0549,73,639.6808,0,0.0000,0,0.0000
540,陕西省,2015-12-01,77,107.9401,155,666.4893,118,270.8822,101,359.4651,4,10.6091,55,577.2581,1,61.4601,0,0.0000
541,陕西省,2016-01-01,47,86.7600,70,227.3100,94,199.1800,52,78.2700,1,10.0000,60,300.9800,0,0.0000,0,0.0000
542,陕西省,2016-02-01,27,42.4200,30,170.9000,68,80.7000,18,23.4300,1,1.1200,22,104.0300,2,0.5800,0,0.0000
543,陕西省,2016-03-01,63,92.4100,67,472.4600,82,169.0600,42,3878.6800,4,12.7800,37,384.4000,0,0.0000,0,0.0000
544,陕西省,2016-04-01,97,116.9400,49,278.7300,93,225.5900,57,149.5300,3,6.8400,32,392.0500,1,0.3000,0,0.0000
545,陕西省,2016-05-01,37,76.4600,56,194.0500,105,176.4300,58,205.4100,3,8.3900,80,573.5600,0,0.0000,0,0.0000
546,陕西省,2016-06-01,60,109.0300,38,216.7700,119,200.0500,58,94.6300,4,5.8200,16,828.4700,0,0.0000,0,0.0000
547,陕西省,2016-07-01,80,103.5200,73,383.6100,93,265.2900,101,405.0200,3,5.2100,53,476.9200,0,0.0000,0,0.0000
548,陕西省,2016-08-01,65,85.8700,49,925.3400,132,323.8200,95,755.5600,5,57.0800,26,784.6100,0,0.0000,0,0.0000
549,陕西省,2016-09-01,52,130.2300,94,307.4900,117,229.4300,60,155.9200,1,1.6700,25,263.0000,0,0.0000,0,0.0000
550,陕西省,2016-10-01,60,111.0200,90,506.7400,130,205.9500,40,92.7800,2,14.0500,25,541.9200,0,0.0000,0,0.0000
551,陕西省,2016-11-01,102,224.9300,169,611.8100,111,285.9000,113,311.2700,3,1.4400,175,898.1100,3,0.6900,3,20.4800
552,陕西省,2016-12-01,61,117.4500,59,387.6900,126,268.2700,83,286.9800,4,3.2700,54,461.1300,1,1.5800,0,0.0000
553,上海市,2015-01-01,4,10.7621,4,23.0009,12,58.6146,35,62.5174,1,0.0890,33,50.3804,4,12.3662,0,0.0000
554,上海市,2015-02-01,7,20.0009,6,6.7639,4,23.1630,37,29.7161,0,0.0000,15,29.7393,1,11.6820,0,0.0000
555,上海市,2015-03-01,3,8.1480,6,4.8518,8,28.6355,28,56.1444,0,0.0000,61,136.1384,3,6.1954,0,0.0000
556,上海市,2015-04-01,8,15.3159,4,42.3331,9,39.1753,30,35.5248,1,3.8625,26,36.8239,1,1.1832,0,0.0000
557,上海市,2015-05-01,9,13.5079,4,12.0684,8,47.8654,29,37.8816,0,0.0000,27,35.2512,0,0.0000,0,0.0000
558,上海市,2015-06-01,7,22.7348,4,5.0068,7,42.0257,35,3140.2575,1,0.1101,39,112.6462,0,0.0000,0,0.0000
559,上海市,2015-07-01,4,6.2824,2,2.8948,3,17.1916,52,80.2172,0,0.0000,42,51.6027,0,0.0000,0,0.0000
560,上海市,2015-08-01,2,9.0423,5,42.5160,19,122.0017,37,76.7783,1,0.2027,30,70.9473,2,16.1558,0,0.0000
561,上海市,2015-09-01,6,15.7294,8,31.0428,17,70.6983,41,86.7964,2,1.6096,31,126.7317,2,22.3959,0,0.0000
562,上海市,2015-10-01,4,13.9280,2,5.0615,10,71.2055,31,89.0166,2,3.4709,40,161.7686,1,22.9713,0,0.0000
563,上海市,2015-11-01,1,0.2890,5,18.8285,30,141.8932,39,74.1557,0,0.0000,60,101.5372,6,48.6895,0,0.0000
564,上海市,2015-12-01,8,19.6247,5,7.3170,10,31.4892,64,182.8235,1,1.3404,42,178.5469,3,54.9304,0,0.0000
565,上海市,2016-01-01,0,0.0000,2,4.1900,2,4.0600,25,1709.1600,0,0.0000,21,39.3600,0,0.0000,0,0.0000
566,上海市,2016-02-01,5,10.5800,7,18.3200,3,10.3100,18,87.0300,0,0.0000,25,65.6800,2,37.7600,0,0.0000
567,上海市,2016-03-01,2,5.9400,6,11.8600,5,18.1500,75,191.5800,3,41.1800,103,1032.9000,6,317.6300,0,0.0000
568,上海市,2016-04-01,3,4.2200,2,1.7900,7,51.1500,26,121.8200,0,0.0000,36,72.6500,0,0.0000,0,0.0000
569,上海市,2016-05-01,6,15.3900,5,308.8000,25,80.6200,33,61.1700,2,82.0700,60,101.1100,0,0.0000,0,0.0000
570,上海市,2016-06-01,11,23.8300,3,11.8400,12,58.5900,47,73.7100,0,0.0000,43,92.6300,1,8.9400,0,0.0000
571,上海市,2016-07-01,10,45.1100,8,65.1300,8,28.4400,24,24.4500,0,0.0000,38,166.2600,0,0.0000,0,0.0000
572,上海市,2016-08-01,2,3.6700,4,11.5600,5,13.9000,45,108.3600,1,1.0000,26,167.5200,1,0.7700,0,0.0000
573,上海市,2016-09-01,2,4.9400,8,64.4000,16,50.6900,29,46.4800,0,0.0000,46,166.2300,2,20.0500,0,0.0000
574,上海市,2016-10-01,6,6.2200,2,3.8500,5,26.7600,23,33.4000,0,0.0000,37,106.2900,1,5.2900,0,0.0000
575,上海市,2016-11-01,9,28.2100,9,39.9600,11,68.4500,28,105.5300,1,0.7000,34,105.1300,5,33.3100,0,0.0000
576,上海市,2016-12-01,1,0.2000,5,60.6100,24,95.9800,49,291.4400,3,1.1000,41,207.1200,1,1.6200,0,0.0000
577,四川省,2015-01-01,197,271.2715,137,565.2390,675,625.7811,206,667.0109,6,11.6059,84,390.2575,14,9373.6476,3,3.5614
578,四川省,2015-02-01,73,122.2281,101,272.7350,252,255.5775,77,269.4343,6,43.4218,32,880.9219,4,3.6719,0,0.0000
579,四川省,2015-03-01,138,166.0656,128,411.3762,338,293.2377,162,168.2090,1,0.1200,36,465.6314,17,397.3042,0,0.0000
580,四川省,2015-04-01,115,215.9882,90,477.2011,307,471.4185,122,2808.0230,3,1.5393,26,725.4171,2,149.3364,0,0.0000
581,四川省,2015-05-01,93,205.7256,145,576.2872,361,492.7223,168,740.8639,9,20.8293,102,1129.2946,23,4656.7953,0,0.0000
582,四川省,2015-06-01,141,308.7134,169,371.6521,360,616.9630,78,124.4857,3,10.4000,19,34.1215,7,8154.3649,1,0.1300
583,四川省,2015-07-01,150,265.6284,157,336.7147,406,586.4029,123,323.2686,5,33.7708,32,644.8976,5,1250.5587,0,0.0000
584,四川省,2015-08-01,76,140.8900,103,365.4383,396,394.1078,132,3241.9172,8,15.5364,20,434.7214,6,1.9397,0,0.0000
585,四川省,2015-09-01,115,150.2668,176,662.1209,360,761.9554,93,2289.9297,0,0.0000,27,307.9875,2,988.0137,0,0.0000
586,四川省,2015-10-01,122,280.5296,124,490.9952,178,321.5589,132,1668.7707,1,0.1854,17,351.7620,5,1543.7801,0,0.0000
587,四川省,2015-11-01,196,361.0231,222,658.2496,640,946.5994,172,2800.7980,4,24.2646,150,1916.7277,4,119.1189,0,0.0000
588,四川省,2015-12-01,193,270.0257,127,534.0534,569,1140.4089,255,952.5012,10,1061.4994,195,1284.3185,17,4083.9385,0,0.0000
589,四川省,2016-01-01,141,280.1600,95,302.8600,332,620.5200,168,327.2800,4,49.3900,52,855.3700,5,4502.4900,0,0.0000
590,四川省,2016-02-01,97,66.5700,79,271.5400,144,276.3400,71,127.6600,4,24.8200,17,465.9700,4,895.8100,0,0.0000
591,四川省,2016-03-01,126,222.2400,162,511.6400,318,359.3400,116,337.1200,3,2.6900,83,853.0100,7,908.2700,0,0.0000
592,四川省,2016-04-01,137,229.5300,115,438.9300,317,360.1400,126,313.2800,2,6.2800,64,501.5100,7,2093.1100,0,0.0000
593,四川省,2016-05-01,81,105.8200,109,280.8300,309,484.6200,106,1045.3400,3,15.7000,32,120.1800,17,16.9000,4,26.4600
594,四川省,2016-06-01,102,221.3300,132,493.1700,244,503.4600,132,296.9100,4,6.3000,37,470.8500,9,168.3100,0,0.0000
595,四川省,2016-07-01,100,141.9600,112,339.1200,290,473.3500,106,248.1900,3,1.0500,48,200.4700,6,1214.7100,0,0.0000
596,四川省,2016-08-01,120,171.8200,151,427.7000,252,422.5600,131,152.7100,4,8.1600,84,189.5500,8,122.5100,0,0.0000
597,四川省,2016-09-01,103,231.8000,116,453.5800,250,244.9200,132,508.0200,2,11.9800,76,892.4400,1,3.0900,0,0.0000
598,四川省,2016-10-01,60,198.6000,84,264.5100,280,477.5800,599,470.5600,3,5.5600,291,425.3500,4,144.6700,0,0.0000
599,四川省,2016-11-01,101,233.8300,139,639.6700,307,615.6100,515,763.8200,3,12.6200,370,1556.2700,7,697.1400,0,0.0000
600,四川省,2016-12-01,116,195.8600,73,298.4700,373,693.5600,186,383.4100,2,5.3500,199,655.1000,3,0.1300,3,61.3700
601,天津市,2015-01-01,11,22.9981,45,224.2701,9,29.2232,11,14.2122,0,0.0000,31,75.8146,0,0.0000,0,0.0000
602,天津市,2015-02-01,9,23.3389,23,102.5207,11,42.3450,17,20.9369,0,0.0000,46,46.3141,0,0.0000,0,0.0000
603,天津市,2015-03-01,6,3.9165,29,157.6013,3,46.8653,12,39.8413,1,0.1482,30,30.8184,0,0.0000,0,0.0000
604,天津市,2015-04-01,9,5.8714,18,63.7076,11,78.3901,3,1361.2500,1,0.1000,6,16.2199,0,0.0000,0,0.0000
605,天津市,2015-05-01,9,24.2228,29,136.8590,23,172.0020,14,3579.0291,0,0.0000,39,311.5044,0,0.0000,0,0.0000
606,天津市,2015-06-01,9,24.8911,12,35.9131,17,97.9852,14,23.9629,0,0.0000,20,74.0028,1,60.0395,0,0.0000
607,天津市,2015-07-01,13,42.3447,21,96.1531,15,114.2462,24,67.1131,0,0.0000,81,680.0033,1,1.9877,0,0.0000
608,天津市,2015-08-01,4,6.9649,31,126.6960,9,113.5328,14,102.3132,0,0.0000,241,1992.1480,3,12.1718,0,0.0000
609,天津市,2015-09-01,6,13.9833,23,143.2522,13,136.1652,12,18.2877,0,0.0000,176,1650.9555,1,0.4954,0,0.0000
610,天津市,2015-10-01,1,0.0010,14,46.2880,2,24.7791,6,26.0763,2,15.2123,320,854.1345,0,0.0000,0,0.0000
611,天津市,2015-11-01,7,13.7327,17,49.5522,15,112.8062,125,211.7519,0,0.0000,87,445.7037,0,0.0000,0,0.0000
612,天津市,2015-12-01,17,17.4599,28,126.8232,22,192.9637,17,78.2808,1,0.6960,46,1082.0580,1,2.8765,0,0.0000
613,天津市,2016-01-01,2,1.1200,15,60.6600,7,93.0400,18,60.4300,0,0.0000,20,1217.4900,0,0.0000,0,0.0000
614,天津市,2016-02-01,2,1.2900,15,62.7300,15,141.1000,11,51.6000,0,0.0000,22,61.6600,0,0.0000,0,0.0000
615,天津市,2016-03-01,7,31.1000,24,104.5700,11,74.8900,23,53.3300,1,1.8800,37,213.9400,0,0.0000,0,0.0000
616,天津市,2016-04-01,6,11.2000,24,189.8200,12,45.3200,18,895.4700,0,0.0000,30,112.3000,0,0.0000,0,0.0000
617,天津市,2016-05-01,4,1.9700,21,508.5900,12,87.2400,16,34.6100,1,1.9200,28,168.3900,0,0.0000,0,0.0000
618,天津市,2016-06-01,10,23.2400,19,88.9400,25,105.1300,9,14.9000,0,0.0000,31,71.4400,0,0.0000,0,0.0000
619,天津市,2016-07-01,11,11.5900,20,67.6100,15,112.9000,13,23.5100,0,0.0000,40,102.2800,0,0.0000,0,0.0000
620,天津市,2016-08-01,2,6.8800,18,75.1100,13,136.8500,30,293.8700,0,0.0000,27,273.2100,0,0.0000,0,0.0000
621,天津市,2016-09-01,3,11.0200,12,67.4300,12,113.3600,13,14.2000,0,0.0000,10,119.9000,0,0.0000,0,0.0000
622,天津市,2016-10-01,3,0.9100,23,115.2900,8,59.6400,10,39.1100,1,4.6200,22,77.5300,0,0.0000,0,0.0000
623,天津市,2016-11-01,4,12.1500,27,123.3200,22,246.1700,16,28.1800,0,0.0000,28,213.1100,0,0.0000,0,0.0000
624,天津市,2016-12-01,5,0.8700,26,99.4300,16,122.3100,8,9.6900,0,0.0000,40,300.5500,0,0.0000,0,0.0000
625,西藏自治区,2015-01-01,0,0.0000,0,0.0000,0,0.0000,0,0.0000,0,0.0000,0,0.0000,0,0.0000,0,0.0000
626,西藏自治区,2015-02-01,0,0.0000,0,0.0000,0,0.0000,0,0.0000,0,0.0000,0,0.0000,0,0.0000,0,0.0000
627,西藏自治区,2015-03-01,0,0.0000,0,0.0000,0,0.0000,0,0.0000,0,0.0000,0,0.0000,0,0.0000,0,0.0000
628,西藏自治区,2015-04-01,0,0.0000,0,0.0000,0,0.0000,0,0.0000,0,0.0000,0,0.0000,0,0.0000,0,0.0000
629,西藏自治区,2015-05-01,0,0.0000,0,0.0000,0,0.0000,0,0.0000,0,0.0000,0,0.0000,0,0.0000,0,0.0000
630,西藏自治区,2015-06-01,0,0.0000,0,0.0000,0,0.0000,0,0.0000,0,0.0000,0,0.0000,0,0.0000,0,0.0000
631,西藏自治区,2015-07-01,0,0.0000,0,0.0000,0,0.0000,0,0.0000,0,0.0000,0,0.0000,0,0.0000,0,0.0000
632,西藏自治区,2015-08-01,0,0.0000,0,0.0000,0,0.0000,0,0.0000,0,0.0000,0,0.0000,0,0.0000,0,0.0000
633,西藏自治区,2015-09-01,0,0.0000,0,0.0000,0,0.0000,0,0.0000,0,0.0000,0,0.0000,0,0.0000,0,0.0000
634,西藏自治区,2015-10-01,0,0.0000,0,0.0000,0,0.0000,0,0.0000,0,0.0000,0,0.0000,0,0.0000,0,0.0000
635,西藏自治区,2015-11-01,0,0.0000,0,0.0000,0,0.0000,0,0.0000,0,0.0000,0,0.0000,0,0.0000,0,0.0000
636,西藏自治区,2015-12-01,0,0.0000,0,0.0000,0,0.0000,0,0.0000,0,0.0000,0,0.0000,0,0.0000,0,0.0000
637,西藏自治区,2016-01-01,0,0.0000,0,0.0000,0,0.0000,0,0.0000,0,0.0000,0,0.0000,0,0.0000,0,0.0000
638,西藏自治区,2016-02-01,0,0.0000,0,0.0000,0,0.0000,0,0.0000,0,0.0000,0,0.0000,0,0.0000,0,0.0000
639,西藏自治区,2016-03-01,0,0.0000,0,0.0000,0,0.0000,0,0.0000,0,0.0000,0,0.0000,0,0.0000,0,0.0000
640,西藏自治区,2016-04-01,0,0.0000,0,0.0000,0,0.0000,0,0.0000,0,0.0000,0,0.0000,0,0.0000,0,0.0000
641,西藏自治区,2016-05-01,0,0.0000,0,0.0000,0,0.0000,0,0.0000,0,0.0000,0,0.0000,0,0.0000,0,0.0000
642,西藏自治区,2016-06-01,0,0.0000,0,0.0000,0,0.0000,0,0.0000,0,0.0000,0,0.0000,0,0.0000,0,0.0000
643,西藏自治区,2016-07-01,0,0.0000,0,0.0000,0,0.0000,0,0.0000,0,0.0000,0,0.0000,0,0.0000,0,0.0000
644,西藏自治区,2016-08-01,0,0.0000,0,0.0000,0,0.0000,0,0.0000,0,0.0000,0,0.0000,0,0.0000,0,0.0000
645,西藏自治区,2016-09-01,0,0.0000,0,0.0000,0,0.0000,0,0.0000,0,0.0000,0,0.0000,0,0.0000,0,0.0000
646,西藏自治区,2016-10-01,0,0.0000,0,0.0000,0,0.0000,0,0.0000,0,0.0000,0,0.0000,0,0.0000,0,0.0000
647,西藏自治区,2016-11-01,0,0.0000,0,0.0000,0,0.0000,0,0.0000,0,0.0000,0,0.0000,0,0.0000,0,0.0000
648,西藏自治区,2016-12-01,0,0.0000,0,0.0000,0,0.0000,0,0.0000,0,0.0000,0,0.0000,0,0.0000,0,0.0000
649,新疆兵团,2015-01-01,27,125.6880,16,89.5325,29,205.1815,51,104.8587,1,0.1001,35,197.6455,0,0.0000,1,0.1014
650,新疆兵团,2015-02-01,3,7.2110,14,65.2363,32,44.5080,15,17.0798,1,0.2907,7,72.3816,0,0.0000,0,0.0000
651,新疆兵团,2015-03-01,11,15.8456,14,75.9441,22,77.0597,34,73.2090,2,1.5264,14,124.4450,0,0.0000,0,0.0000
652,新疆兵团,2015-04-01,45,111.4828,36,206.7358,15,76.6350,45,127.2471,2,0.2206,60,348.1147,0,0.0000,6,39.6301
653,新疆兵团,2015-05-01,40,55.5255,29,120.7162,41,83.6368,48,48.7230,1,0.4456,10,57.7555,0,0.0000,0,0.0000
654,新疆兵团,2015-06-01,33,118.8378,30,165.2224,28,43.9164,51,115.6162,1,0.1980,8,33.1230,0,0.0000,39,411.2172
655,新疆兵团,2015-07-01,50,85.9631,34,235.6590,32,140.8828,46,64.0170,2,0.1758,22,177.1952,4,0.0703,12,31.3089
656,新疆兵团,2015-08-01,28,68.1375,26,89.3380,46,154.2461,70,84.8209,3,1.1034,27,154.9786,1,0.1086,0,0.0000
657,新疆兵团,2015-09-01,26,113.2282,47,236.2779,30,110.5164,48,137.1821,3,2.7167,14,158.6590,1,5.4871,0,0.0000
658,新疆兵团,2015-10-01,29,42.2067,33,153.1674,13,43.9084,70,80.8638,1,1.2877,14,108.5713,0,0.0000,0,0.0000
659,新疆兵团,2015-11-01,31,51.6744,38,247.3347,27,102.7751,71,180.2340,5,52.2612,46,381.1744,2,49.4825,0,0.0000
660,新疆兵团,2015-12-01,27,52.5358,38,122.2705,35,117.3564,73,294.5888,2,1.1210,22,250.5598,6,114.4733,1,0.2520
661,新疆兵团,2016-01-01,21,16.7400,5,19.4800,6,5.2500,36,82.1000,6,9.7600,28,253.3700,3,109.2000,30,49.3300
662,新疆兵团,2016-02-01,30,85.2900,11,53.7600,19,156.8400,33,93.2300,5,71.9500,15,62.6600,1,35.2400,0,0.0000
663,新疆兵团,2016-03-01,11,15.5800,38,148.9700,20,49.9700,52,169.6100,6,0.9000,11,102.3400,1,48.5600,0,0.0000
664,新疆兵团,2016-04-01,34,86.4500,29,126.8800,5,6.7900,33,58.4600,1,2.6700,9,73.4600,0,0.0000,0,0.0000
665,新疆兵团,2016-05-01,33,35.2300,17,68.6500,12,64.6700,32,69.3900,2,0.4300,29,471.8600,1,5.6900,0,0.0000
666,新疆兵团,2016-06-01,29,16.7000,28,122.7300,5,4.3100,55,33.1300,4,2.2100,8,69.9500,1,0.3300,0,0.0000
667,新疆兵团,2016-07-01,37,48.2700,22,107.2900,9,31.5900,56,119.2800,1,0.0600,9,50.4500,0,0.0000,0,0.0000
668,新疆兵团,2016-08-01,24,43.8800,33,216.2900,17,113.1100,65,132.8700,8,10.2200,20,132.8800,2,9.8900,0,0.0000
669,新疆兵团,2016-09-01,35,39.7100,58,294.9700,9,25.6800,59,76.3200,2,6.2800,13,75.4600,1,6.8900,0,0.0000
670,新疆兵团,2016-10-01,26,37.6700,15,82.8200,11,64.5800,68,105.0000,4,0.8400,13,38.6700,18,161.7100,0,0.0000
671,新疆兵团,2016-11-01,35,21.6100,50,218.1500,16,34.1300,82,127.2000,5,5.5900,38,250.7500,3,106.2800,0,0.0000
672,新疆兵团,2016-12-01,16,23.0600,37,191.8200,11,54.2100,65,68.5700,7,3.9500,35,354.9700,0,0.0000,0,0.0000
673,新疆维吾尔自治区,2015-01-01,79,74.0813,76,688.7175,53,97.4283,49,267.3880,2,2.6620,15,241.0259,0,0.0000,1,0.1333
674,新疆维吾尔自治区,2015-02-01,43,168.9099,78,739.1611,65,205.0235,63,2833.5831,3,7.2515,15,316.9386,0,0.0000,30,726.3445
675,新疆维吾尔自治区,2015-03-01,71,104.0610,110,587.3822,122,434.0182,96,643.8527,5,2055.1925,26,868.4140,4,92.4927,57,1775.0296
676,新疆维吾尔自治区,2015-04-01,91,123.9679,185,1188.3647,99,775.6703,127,676.7240,11,53.9646,19,424.8784,0,0.0000,83,982.3977
677,新疆维吾尔自治区,2015-05-01,117,112.5502,132,753.3409,109,339.6894,128,3786.6715,7,29.6774,14,412.2391,6,2.2879,0,0.0000
678,新疆维吾尔自治区,2015-06-01,104,178.5901,132,758.1711,79,185.6791,84,935.4380,3,2.3714,29,297.6631,3,63.2260,10,139.6238
679,新疆维吾尔自治区,2015-07-01,93,165.0035,143,732.0641,119,493.7474,125,651.0923,7,64.9298,14,1090.6701,2,360.1388,3,69.7480
680,新疆维吾尔自治区,2015-08-01,127,215.6183,179,1416.8477,115,243.5405,120,555.7196,8,49.7229,21,973.9157,3,3.4581,2,22.4346
681,新疆维吾尔自治区,2015-09-01,116,182.1411,104,1324.2589,88,457.0541,88,677.0810,8,111.9250,29,919.4710,3,10.0422,0,0.0000
682,新疆维吾尔自治区,2015-10-01,66,142.2455,137,627.3647,161,576.1515,232,2455.9488,1,61.7548,20,2866.2973,3,232.9453,178,891.9727
683,新疆维吾尔自治区,2015-11-01,137,357.9410,235,2555.3836,487,569.4821,420,2308.5510,8,33.0952,183,860.9953,1,0.7266,113,370.4015
684,新疆维吾尔自治区,2015-12-01,62,158.2912,110,815.9329,137,393.4734,78,720.4549,3,34.3284,55,407.9013,0,0.0000,20,68.9584
685,新疆维吾尔自治区,2016-01-01,59,101.9800,64,764.0700,52,215.3500,39,618.9800,1,0.0800,6,49.5500,0,0.0000,2,202.5400
686,新疆维吾尔自治区,2016-02-01,44,46.3500,88,494.1200,46,126.1800,47,1760.1000,2,0.6100,32,97.8000,2,0.0700,0,0.0000
687,新疆维吾尔自治区,2016-03-01,78,159.8700,178,2656.1500,120,492.8800,171,1530.1800,10,58.5600,45,701.7300,12,934.4500,0,0.0000
688,新疆维吾尔自治区,2016-04-01,117,152.4400,116,998.5700,55,237.4900,140,1355.6400,9,31.3800,35,145.6200,0,0.0000,1,90.0600
689,新疆维吾尔自治区,2016-05-01,136,237.2200,130,691.7000,105,343.8900,199,5189.2300,5,2.4300,30,598.4000,1,3197.5200,0,0.0000
690,新疆维吾尔自治区,2016-06-01,96,158.5100,138,3247.4000,152,265.1600,105,473.7500,6,17.1200,26,1884.2500,2,4.0300,0,0.0000
691,新疆维吾尔自治区,2016-07-01,73,95.6600,98,681.9000,39,86.7400,87,228.6000,4,2.2700,31,1105.7800,2,536.1600,1,0.6200
692,新疆维吾尔自治区,2016-08-01,99,159.4900,145,1134.8200,52,179.4000,107,2530.2900,5,2.7000,46,898.3700,4,63.3200,0,0.0000
693,新疆维吾尔自治区,2016-09-01,62,55.1400,99,394.2800,51,112.5600,60,2956.4400,2,11.4300,23,192.6700,2,229.3300,0,0.0000
694,新疆维吾尔自治区,2016-10-01,64,78.7900,75,448.0700,68,152.6100,76,3516.8600,5,9.3700,20,2280.6900,2,25.8000,0,0.0000
695,新疆维吾尔自治区,2016-11-01,120,119.1500,123,628.4600,87,229.3700,123,492.2200,8,28.9700,36,1130.0800,5,203.9500,0,0.0000
696,新疆维吾尔自治区,2016-12-01,104,233.8400,72,1394.7300,93,406.0700,60,233.7800,1,0.4600,57,2091.5900,4,163.9000,0,0.0000
697,云南省,2015-01-01,83,66.8441,39,132.2495,200,156.8428,67,69.2550,4,20.4021,65,660.7946,8,631.1126,0,0.0000
698,云南省,2015-02-01,56,128.3400,55,83.9078,158,62.8339,21,25.8819,0,0.0000,17,160.4197,5,5.2623,0,0.0000
699,云南省,2015-03-01,92,72.5134,56,191.3227,234,77.7037,47,89.7746,1,0.1222,40,1316.7683,6,18.4580,0,0.0000
700,云南省,2015-04-01,51,77.8254,32,238.0037,152,117.6309,104,98.6192,4,2.2440,37,627.6475,3,1062.1692,0,0.0000
701,云南省,2015-05-01,92,108.9095,62,164.1781,157,96.1996,58,3626.0518,2,10.7034,34,105.3218,2,2.5900,0,0.0000
702,云南省,2015-06-01,60,63.1616,42,43.4313,161,154.1825,73,216.6603,9,17.4254,21,1213.7560,11,59.5133,0,0.0000
703,云南省,2015-07-01,82,194.2202,64,183.3410,274,253.4494,55,93.0472,9,2.7642,25,107.0642,4,29.9901,0,0.0000
704,云南省,2015-08-01,48,81.6499,66,419.8207,140,114.4592,58,129.9649,0,0.0000,19,476.9319,5,57.7428,0,0.0000
705,云南省,2015-09-01,100,124.8083,35,127.8428,290,219.3260,103,162.1284,3,1.3401,67,483.9838,10,2090.7019,0,0.0000
706,云南省,2015-10-01,122,88.7700,59,165.5813,218,126.6511,52,131.4736,2,0.5403,29,1873.9109,5,27.9420,1,16.2315
707,云南省,2015-11-01,207,173.9976,75,305.8049,415,395.5290,100,182.5316,9,14.5559,30,1254.8710,9,268.4632,0,0.0000
708,云南省,2015-12-01,139,203.7458,71,276.1248,218,122.5233,153,383.7053,11,12.5876,76,922.7789,5,16.0365,0,0.0000
709,云南省,2016-01-01,65,55.7200,24,104.7500,336,81.0100,44,119.3300,6,14.1800,17,94.3800,1,0.1700,0,0.0000
710,云南省,2016-02-01,39,18.5900,18,29.2400,98,74.2200,42,59.8800,0,0.0000,10,310.8500,3,4.5200,0,0.0000
711,云南省,2016-03-01,90,87.2800,74,218.8100,272,151.7700,86,114.8200,3,3.0400,52,573.3600,3,5.9800,0,0.0000
712,云南省,2016-04-01,76,110.5400,56,175.4100,248,105.4000,70,271.1000,3,4.5000,35,179.0300,5,16.2200,0,0.0000
713,云南省,2016-05-01,74,94.3300,41,139.0400,294,85.4600,66,101.2600,1,1.0000,14,291.7800,5,6.9000,0,0.0000
714,云南省,2016-06-01,71,194.4400,39,154.5800,273,85.2200,70,134.4900,3,4.0600,45,662.8100,5,4074.4800,3,0.7800
715,云南省,2016-07-01,141,78.9300,68,224.3300,255,116.4400,39,76.6400,6,11.4100,31,39.4000,3,20.9100,0,0.0000
716,云南省,2016-08-01,145,281.0000,129,312.7100,159,113.3600,56,103.6100,3,1.5300,17,322.6300,7,1190.5300,0,0.0000
717,云南省,2016-09-01,99,119.3400,79,294.6000,194,251.6300,61,77.3800,3,6.7600,8,154.3900,9,815.6900,0,0.0000
718,云南省,2016-10-01,127,102.3300,78,232.8100,329,201.0900,86,170.4500,2,4.3100,49,1508.6200,5,62.3800,0,0.0000
719,云南省,2016-11-01,156,406.3300,78,436.3400,229,188.4000,156,369.5100,3,10.2300,75,1079.0600,12,1977.2700,0,0.0000
720,云南省,2016-12-01,129,123.7600,73,912.3900,194,265.2300,144,241.2800,2,6.2400,106,263.0600,34,19.7600,2,0.9600
721,浙江省,2015-01-01,44,84.3300,409,244.5275,209,211.3100,126,168.5327,5,8.8910,90,458.2363,9,77.6705,1,0.1549
722,浙江省,2015-02-01,47,88.3620,185,394.4802,228,94.3493,46,2772.5608,0,0.0000,45,201.9274,0,0.0000,0,0.0000
723,浙江省,2015-03-01,58,93.0712,198,342.9283,259,173.1830,92,169.6806,3,3.9966,93,2691.7722,4,47.8615,0,0.0000
724,浙江省,2015-04-01,91,110.7293,222,341.9848,117,265.1213,156,1437.2521,1,0.1762,120,471.9006,4,0.5502,0,0.0000
725,浙江省,2015-05-01,76,166.5883,315,339.0814,136,226.8132,153,258.4562,7,23.5043,81,461.0961,9,146.0853,0,0.0000
726,浙江省,2015-06-01,75,152.3768,283,392.2397,328,373.2637,153,239.3142,8,5.6106,108,490.5788,8,13.0023,0,0.0000
727,浙江省,2015-07-01,75,71.5117,355,459.7270,248,326.9210,129,253.8389,12,25.0718,83,178.0263,10,11.7188,0,0.0000
728,浙江省,2015-08-01,70,105.4691,273,381.9440,286,461.2054,111,171.5757,3,1.6110,71,418.1110,5,25.0469,0,0.0000
729,浙江省,2015-09-01,101,160.5976,284,390.2939,321,578.4697,207,432.3227,9,18.7718,147,1295.4022,8,454.4572,0,0.0000
730,浙江省,2015-10-01,49,66.7194,332,385.1653,191,262.2021,233,595.4735,6,6.8272,104,237.7523,1,23.4858,2,4.1291
731,浙江省,2015-11-01,145,233.5517,508,1085.9544,408,737.8054,276,1349.4374,11,18.1991,223,1451.0652,11,104.1179,0,0.0000
732,浙江省,2015-12-01,74,91.1851,326,484.4887,528,1285.1913,469,1509.3777,9,17.0293,436,1776.3588,18,205.2767,0,0.0000
733,浙江省,2016-01-01,93,119.1000,171,318.7600,167,286.6200,108,158.2400,1,1.8500,86,140.1100,3,22.5600,1,0.7600
734,浙江省,2016-02-01,78,122.0100,168,463.1000,248,193.4400,70,121.5700,2,5.6100,40,132.7000,1,0.6500,0,0.0000
735,浙江省,2016-03-01,59,124.9400,220,487.1700,116,224.9800,143,280.4900,5,33.0000,102,719.0800,4,9.4300,0,0.0000
736,浙江省,2016-04-01,76,90.0000,231,469.4300,146,370.0100,109,4801.1900,3,0.6000,80,423.5000,0,0.0000,0,0.0000
737,浙江省,2016-05-01,82,42.7000,245,369.9800,259,339.6400,173,305.7000,12,14.9800,105,557.9400,2,242.5900,0,0.0000
738,浙江省,2016-06-01,77,130.2500,228,641.8500,168,379.8400,133,278.6400,5,31.4500,106,1012.8800,5,188.6200,0,0.0000
739,浙江省,2016-07-01,71,92.8300,221,375.1700,224,368.0100,215,351.4800,5,5.0000,162,497.7600,2,5.2500,0,0.0000
740,浙江省,2016-08-01,108,173.6900,260,365.1600,242,552.5800,206,386.2100,4,0.9300,128,4459.9500,7,33.0200,0,0.0000
741,浙江省,2016-09-01,83,158.9700,286,687.5300,225,572.8200,184,318.3900,8,7.6900,156,3319.9500,5,11.4800,0,0.0000
742,浙江省,2016-10-01,50,136.4900,178,435.1400,199,326.8300,132,280.7900,6,6.8200,143,728.0300,4,883.9100,0,0.0000
743,浙江省,2016-11-01,138,328.4000,449,901.4600,332,684.8700,250,676.7300,4,1.6200,202,739.4100,11,387.3400,0,0.0000
744,浙江省,2016-12-01,89,125.2700,270,691.3700,524,930.2600,432,1380.1800,4,10.6800,419,2682.1000,14,199.2800,1,3.0200
745,重庆市,2015-01-01,14,40.2528,42,204.9209,60,235.4172,50,186.5401,1,9.0763,29,332.0964,1,20.9185,0,0.0000
746,重庆市,2015-02-01,8,37.4937,42,154.8277,33,137.3967,24,46.9613,1,4.2110,11,95.9533,0,0.0000,0,0.0000
747,重庆市,2015-03-01,10,31.7772,43,207.3636,54,237.4592,64,88.3862,2,38.7103,53,239.1703,0,0.0000,0,0.0000
748,重庆市,2015-04-01,22,58.3142,75,556.0370,41,175.9698,27,1868.0491,6,15.8780,13,94.0047,1,0.1278,0,0.0000
749,重庆市,2015-05-01,34,69.7564,56,293.7840,53,159.5700,45,92.4018,2,19.1637,16,125.7913,0,0.0000,0,0.0000
750,重庆市,2015-06-01,35,126.9366,62,279.0773,80,368.3005,32,103.0232,0,0.0000,13,49.9727,0,0.0000,1,0.1755
751,重庆市,2015-07-01,22,64.7576,69,354.1676,71,317.1887,48,120.5130,1,2.1861,20,90.7896,0,0.0000,0,0.0000
752,重庆市,2015-08-01,23,117.8713,81,416.2866,81,332.9263,63,917.8315,1,0.9814,32,2350.1324,2,7.5985,0,0.0000
753,重庆市,2015-09-01,36,133.5194,97,519.1641,88,415.5334,56,73.5775,5,12.0581,18,146.1740,2,229.5165,0,0.0000
754,重庆市,2015-10-01,12,36.8723,64,371.1406,92,341.3671,87,410.0183,0,0.0000,21,186.0475,0,0.0000,0,0.0000
755,重庆市,2015-11-01,64,258.2662,66,525.3249,131,618.5799,142,525.4647,1,27.3605,68,1098.8815,1,15.2691,0,0.0000
756,重庆市,2015-12-01,31,97.4645,90,549.4637,108,621.2158,121,648.0441,2,17.8359,78,1120.7917,6,63.8829,0,0.0000
757,重庆市,2016-01-01,8,16.8400,50,201.1800,20,44.4900,38,1218.2500,3,23.7400,18,241.2400,0,0.0000,0,0.0000
758,重庆市,2016-02-01,5,30.4900,27,123.2400,21,84.7200,20,88.3900,0,0.0000,14,301.3700,2,81.5100,0,0.0000
759,重庆市,2016-03-01,14,40.2000,65,229.6800,33,142.4700,39,88.3300,0,0.0000,17,90.9700,0,0.0000,0,0.0000
760,重庆市,2016-04-01,18,41.9900,71,348.8900,66,334.0400,37,85.7400,1,3.8900,13,43.6400,3,67.6000,0,0.0000
761,重庆市,2016-05-01,24,44.5900,58,255.2400,36,120.5700,39,115.8900,0,0.0000,24,576.3400,0,0.0000,0,0.0000
762,重庆市,2016-06-01,22,44.7900,71,547.4100,57,240.7600,42,166.4100,2,1.6700,54,225.2700,0,0.0000,0,0.0000
763,重庆市,2016-07-01,30,80.1400,58,425.7000,41,127.0800,56,207.3700,2,10.7200,36,283.0000,1,7.1200,0,0.0000
764,重庆市,2016-08-01,27,57.0600,25,145.3600,50,223.3300,42,79.7400,0,0.0000,10,179.0100,2,6.8300,0,0.0000
765,重庆市,2016-09-01,17,76.4300,61,248.4300,51,200.4000,42,110.4800,2,7.7500,22,198.8800,0,0.0000,0,0.0000
766,重庆市,2016-10-01,14,33.9200,45,271.0300,28,77.7400,48,187.0500,4,21.2900,28,436.8000,2,26.2900,0,0.0000
767,重庆市,2016-11-01,28,138.3300,67,349.8000,84,397.5900,103,385.9400,4,10.6300,56,622.0200,3,14.7000,0,0.0000
768,重庆市,2016-12-01,20,54.0000,41,215.9000,60,619.1200,135,954.2900,0,0.0000,110,1324.4100,12,489.9200,0,0.0000
