OBJECTID,BSM,YSDM,TBYBH,TBBH,DLBM,DLMC,QSXZ,QSDWDM,QSDWMC,ZLDWDM,ZLDWMC,TBMJ,KCDLBM,KCXS,KCMJ,TBDLMJ,GDLX,XZDWKD,TBXHDM,TBXHMC,ZZSXDM,ZZSXMC,GDDB,CZCSXM,SJNF,MSSM,GDPDJB,FRDBS,HDMC,BZ,Shape_Leng,Shape_Area,centroid_x,centroid_y,area
1,360726211000047923,2001010100,,1,0302,竹林地,30,3607261002110000000,欣山镇大坝村,3607261002110000000,欣山镇大坝村,3233.97,,0.0,0.0,3233.97,,0.0,,,,,0,,2019,0,,0,,,230.935859096,3235.65939577,38645343.66373388,2775174.122876953,3235.6593957657224
2,360726211000047924,2001010100,,2,0302,竹林地,30,3607261002110000000,欣山镇大坝村,3607261002110000000,欣山镇大坝村,21515.65,,0.0,0.0,21515.65,,0.0,,,,,0,,2019,0,,0,,,912.370857506,21526.8278425,38645066.22369043,2775104.2993737464,21526.827842541454
3,360726211000047925,2001010100,,3,0302,竹林地,30,3607261002110000000,欣山镇大坝村,3607261002110000000,欣山镇大坝村,3128.13,,0.0,0.0,3128.13,,0.0,,,,,0,,2019,0,,0,,,307.162047758,3129.75900675,38645287.91485452,2775212.2466428312,3129.759006752538
4,360726211000047926,2001010100,,4,0302,竹林地,30,3607261002110000000,欣山镇大坝村,3607261002110000000,欣山镇大坝村,1838.19,,0.0,0.0,1838.19,,0.0,,,,,0,,2019,0,,0,,,178.455976898,1839.14624791,38645276.19817704,2775261.714856962,1839.146247911292
5,360726211000047927,2001010100,,5,0302,竹林地,30,3607261002110000000,欣山镇大坝村,3607261002110000000,欣山镇大坝村,5464.4,,0.0,0.0,5464.4,,0.0,,,,,0,,2019,0,,0,,,298.15183301,5467.42846015,38649693.8907769,2775252.5570989237,5467.4284601524205
6,360726211000047928,2001010100,,6,0201,果园,30,3607261002110000000,欣山镇大坝村,3607261002110000000,欣山镇大坝村,7938.88,,0.0,0.0,7938.88,,0.0,,,,,0,,2019,0,,0,,,460.567505222,7943.07050529,38646241.90206959,2775263.868329798,7943.070505289341
7,360726211000047929,2001010100,,7,0302,竹林地,30,3607261002110000000,欣山镇大坝村,3607261002110000000,欣山镇大坝村,4166.85,,0.0,0.0,4166.85,,0.0,,,,,0,,2019,0,,0,,,273.773880063,4169.07547624,38647149.4221069,2775303.0086661098,4169.075476238762
8,360726211000047930,2001010100,,1,1107,沟渠,10,3607261002100000000,欣山镇金石村,3607261002100000000,欣山镇金石村,655.93,,0.0,0.0,655.93,,4.0,,,,,0,,2019,0,,0,,,335.906700926,656.252354153,38641471.359090574,2780037.2780895354,656.2523541530946
9,360726211000047931,2001010100,,1,0201,果园,30,3607261002090000000,欣山镇富田村,3607261002090000000,欣山镇富田村,11282.59,,0.0,0.0,11282.59,,0.0,,,,,0,,2019,0,,0,,,578.709405914,11288.6203806,38647147.82589484,2779993.424248625,11288.620380587638
10,360726211000047932,2001010100,,2,0301,乔木林地,30,3607261002090000000,欣山镇富田村,3607261002090000000,欣山镇富田村,4240.11,,0.0,0.0,4240.11,,0.0,,,,,0,,2019,0,,0,,,283.733441113,4242.29500005,38644510.93995325,2780064.4900963483,4242.29500004742
11,360726211000047934,2001010100,,3,0301,乔木林地,30,3607261002100000000,欣山镇金石村,3607261002100000000,欣山镇金石村,4969.6,,0.0,0.0,4969.6,,0.0,,,,,0,,2019,0,,0,,,325.881901512,4972.1062303,38642757.10416303,2780075.6339474157,4972.106230298103
12,360726211000047935,2001010100,,4,05H1,商业服务业设施用地,30,3607261002100000000,欣山镇金石村,3607261002100000000,欣山镇金石村,4189.88,,0.0,0.0,4189.88,,0.0,,,,,0,203.0,2019,0,,0,,,336.089237126,4191.98804417,38642619.30734283,2780048.5673988718,4191.98804417376
13,360726211000047936,2001010100,,3,1107,沟渠,30,3607261002090000000,欣山镇富田村,3607261002090000000,欣山镇富田村,4667.24,,0.0,0.0,4667.24,,5.09999990463,,,,,0,,2019,0,,0,,,1752.50273828,4669.65843634,38644758.86633814,2779984.3159792228,4669.658436343702
14,360726211000047937,2001010100,,1,0201,果园,30,3607261002070000000,欣山镇石湾村,3607261002070000000,欣山镇石湾村,67826.33,,0.0,0.0,67826.33,,0.0,,,,,0,,2019,0,,0,,,1672.47632632,67860.0196449,38641830.80362166,2777102.2181830686,67860.01964494876
15,360726211000047938,2001010100,,1,0201,果园,30,3607261002010000000,欣山镇修田村,3607261002010000000,欣山镇修田村,13705.08,,0.0,0.0,13705.08,,0.0,,,,,0,,2019,0,,0,,,857.108471095,13711.8314638,38641231.38247052,2777303.8708609575,13711.83146375339
16,360726211000047939,2001010100,,2,0201,果园,30,3607261002010000000,欣山镇修田村,3607261002010000000,欣山镇修田村,3411.6,,0.0,0.0,3411.6,,0.0,,,,,0,,2019,0,,0,,,370.871819264,3413.28849968,38641605.193289496,2777345.1026734402,3413.288499677351
17,360726211000047940,2001010100,,3,0301,乔木林地,30,3607261002010000000,欣山镇修田村,3607261002010000000,欣山镇修田村,7553.17,,0.0,0.0,7553.17,,0.0,,,,,0,,2019,0,,0,,,581.170024487,7556.89865952,38641409.156111255,2777358.620934648,7556.898659519374
18,360726211000047941,2001010100,,4,0101,水田,30,3607261002090000000,欣山镇富田村,3607261002090000000,欣山镇富田村,4919.96,1203.0,0.1004,493.96,4426.0,TT,0.0,,,LS,种植粮食作物,0,,2019,0,3.0,0,,,808.366681324,4922.479957,38643981.17401432,2777274.824682984,4922.479956995674
19,360726211000047942,2001010100,,5,0201,果园,30,3607261002090000000,欣山镇富田村,3607261002090000000,欣山镇富田村,32348.29,,0.0,0.0,32348.29,,0.0,,,,,0,,2019,0,,0,,,1012.78075881,32365.0825551,38644998.83442294,2777190.591605699,32365.08255507924
20,360726211000047943,2001010100,,4,0301,乔木林地,30,3607261002010000000,欣山镇修田村,3607261002010000000,欣山镇修田村,727.47,,0.0,0.0,727.47,,0.0,,,,,0,,2019,0,,0,,,208.664463464,727.827340271,38640461.209255435,2777375.275471071,727.8273402712787
21,360726211000047944,2001010100,,6,0101,水田,30,3607261002090000000,欣山镇富田村,3607261002090000000,欣山镇富田村,5949.22,1203.0,0.0582,346.24,5602.98,TT,0.0,,,LS,种植粮食作物,0,,2019,0,2.0,0,,,471.858422434,5952.26800154,38643907.948889636,2777631.2115503894,5952.268001538713
22,360726211000047945,2001010100,,7,0201,果园,30,3607261002090000000,欣山镇富田村,3607261002090000000,欣山镇富田村,9953.23,,0.0,0.0,9953.23,,0.0,,,,,0,,2019,0,,0,,,499.60563424,9958.29358288,38643537.88524443,2777668.6336574913,9958.293582875549
23,360726211000047946,2001010100,,8,0302,竹林地,30,3607261002110000000,欣山镇大坝村,3607261002110000000,欣山镇大坝村,6781.26,,0.0,0.0,6781.26,,0.0,,,,,0,,2019,0,,0,,,347.926761889,6784.91904131,38647748.583207265,2777683.364861041,6784.919041307714
24,360726211000047947,2001010100,,5,0301,乔木林地,30,3607261002010000000,欣山镇修田村,3607261002010000000,欣山镇修田村,6818.23,,0.0,0.0,6818.23,,0.0,,,,,0,,2019,0,,0,,,602.051838983,6821.5314697,38639924.732593015,2777669.430151486,6821.531469697157
25,360726211000047948,2001010100,,8,0302,竹林地,30,3607261002090000000,欣山镇富田村,3607261002090000000,欣山镇富田村,2500.27,,0.0,0.0,2500.27,,0.0,,,,,0,,2019,0,,0,,,284.205075679,2501.54768486,38643721.43558421,2777725.4652711074,2501.547684859063
26,360726211000047949,2001010100,,6,1006,农村道路,30,3607261002010000000,欣山镇修田村,3607261002010000000,欣山镇修田村,13815.66,,0.0,0.0,13815.66,,4.0,,,,,0,,2019,0,,0,,,4649.04388063,13822.3587896,38640126.752165616,2777483.410458388,13822.358789553116
27,360726211000047950,2001010100,,9,0301,乔木林地,30,3607261002090000000,欣山镇富田村,3607261002090000000,欣山镇富田村,28010.07,,0.0,0.0,28010.07,,0.0,,,,,0,,2019,0,,0,,,1347.4759942,28024.4599841,38644262.15589601,2778944.477554526,28024.459984057397
28,360726211000047951,2001010100,,2,1006,农村道路,30,3607261002070000000,欣山镇石湾村,3607261002070000000,欣山镇石湾村,5815.07,,0.0,0.0,5815.07,,2.90000009537,,,,,0,,2019,0,,0,,,3874.8135266,5817.97822062,38642403.45443015,2778426.63232647,5817.978220624199
29,360726211000047952,2001010100,,10,0101,水田,30,3607261002090000000,欣山镇富田村,3607261002090000000,欣山镇富田村,10143.12,1203.0,0.1004,1018.37,9124.75,TT,0.0,,,LS,种植粮食作物,0,,2019,0,3.0,0,,,736.492371984,10148.3354943,38644354.56324656,2779043.1597890626,10148.335494273508
30,360726211000047953,2001010100,,11,1107,沟渠,30,3607261002090000000,欣山镇富田村,3607261002090000000,欣山镇富田村,1328.18,,0.0,0.0,1328.18,,4.09999990463,,,,,0,,2019,0,,0,,,674.76080556,1328.8655305,38644383.382453576,2779044.49311902,1328.8655305013795
31,360726211000047954,2001010100,,12,0101,水田,30,3607261002090000000,欣山镇富田村,3607261002090000000,欣山镇富田村,12909.13,1203.0,0.2105,2717.37,10191.76,TT,0.0,,,LS,种植粮食作物,0,,2019,0,5.0,0,,,1154.88949141,12915.7845912,38644512.58710386,2779146.3461212893,12915.784591197722
32,360726211000047955,2001010100,,13,0307,其他林地,30,3607261002090000000,欣山镇富田村,3607261002090000000,欣山镇富田村,3058.15,,0.0,0.0,3058.15,,0.0,,,,,0,,2019,0,,0,,,306.933960019,3059.73194193,38644872.03253372,2779115.3775301254,3059.731941934549
33,360726211000047956,2001010100,,7,0508,物流仓储用地,30,3607261002010000000,欣山镇修田村,3607261002010000000,欣山镇修田村,6203.42,,0.0,0.0,6203.42,,0.0,,,,,0,202.0,2019,0,,0,,,334.583542125,6206.44073233,38640452.479913674,2779120.147487997,6206.440732326077
34,360726211000047957,2001010100,,1,1107,沟渠,30,3607261002120000000,欣山镇碛角村,3607261002120000000,欣山镇碛角村,838.79,,0.0,0.0,838.79,,7.09999990463,,,,,0,,2019,0,,0,,,283.028274997,839.187646704,38638762.76212659,2779312.1584352106,839.1876467039257
35,360726211000047958,2001010100,,3,0307,其他林地,30,3607261002070000000,欣山镇石湾村,3607261002070000000,欣山镇石湾村,3248.13,,0.0,0.0,3248.13,,0.0,,,GCHF,工程恢复,0,,2019,0,,0,,,252.345578123,3249.75315081,38642060.28839696,2779326.9144284166,3249.753150806545
37,360726211000047960,2001010100,,2,09,特殊用地,30,3607261002120000000,欣山镇碛角村,3607261002120000000,欣山镇碛角村,1043.77,,0.0,0.0,1043.77,,0.0,,,,,0,205.0,2019,0,,0,,,136.546891833,1044.26013739,38638545.34202586,2779366.595626675,1044.2601373928296
38,360726211000047961,2001010100,,8,1104,坑塘水面,10,3607261002010000000,欣山镇修田村,3607261002010000000,欣山镇修田村,1194.3,,0.0,0.0,1194.3,,0.0,,,JKHF,即可恢复,0,202.0,2019,0,,0,,,133.713231984,1194.87976609,38640264.09228563,2779363.5554582626,1194.8797660864873
39,360726211000047962,2001010100,,1,0601,工业用地,20,3607261002250000000,欣山镇城南社区,3607261002250000000,欣山镇城南社区,2695.23,,0.0,0.0,2695.23,,0.0,,,,,0,202.0,2019,0,,0,,,220.557151426,2696.54193822,38640426.98811143,2779350.1714663897,2696.541938215239
40,360726211000047963,2001010100,,3,0103,旱地,10,3607261002120000000,欣山镇碛角村,3607261002120000000,欣山镇碛角村,1160.88,1203.0,0.0974,113.07,1047.81,PD,0.0,,,FLS,种植非粮食作,0,,2019,0,3.0,0,,,195.308251701,1161.43087898,38638836.64599335,2779372.5056501254,1161.4308789759245
41,360726211000047964,2001010100,,4,1107,沟渠,30,3607261002120000000,欣山镇碛角村,3607261002120000000,欣山镇碛角村,2773.93,,0.0,0.0,2773.93,,7.5,,,,,0,,2019,0,,0,,,634.612977833,2775.24922228,38638768.58922981,2779479.0967225833,2775.2492222758424
42,360726211000047965,2001010100,,9,0101,水田,10,3607261002010000000,欣山镇修田村,3607261002010000000,欣山镇修田村,3807.49,1203.0,0.1004,382.27,3425.22,TT,0.0,,,LYFL,粮与非粮轮作,0,202.0,2019,0,3.0,0,,,327.387822125,3809.339417,38640303.548131466,2779478.1460541394,3809.3394169964295
43,360726211000047966,2001010100,,4,0302,竹林地,30,3607261002070000000,欣山镇石湾村,3607261002070000000,欣山镇石湾村,2570.67,,0.0,0.0,2570.67,,0.0,,,,,0,,2019,0,,0,,,288.664181553,2571.95172608,38642040.337378435,2779459.1240515052,2571.9517260756725
44,360726211000047967,2001010100,,5,0101,水田,30,3607261002070000000,欣山镇石湾村,3607261002070000000,欣山镇石湾村,2370.56,1203.0,0.0582,137.97,2232.59,TT,0.0,,,LS,种植粮食作物,0,,2019,0,2.0,0,,,240.891522593,2371.73852549,38641897.89850674,2779487.2510203817,2371.7385254892833
45,360726211000047968,2001010100,,10,08H2,科教文卫用地,20,3607261002010000000,欣山镇修田村,3607261002010000000,欣山镇修田村,61006.38,,0.0,0.0,61006.38,,0.0,,,,,0,202.0,2019,0,,0,,,1221.64998473,61035.9042023,38639991.92397955,2779404.6151227294,61035.904202280755
46,360726211000047970,2001010100,,6,1107,沟渠,30,3607261002070000000,欣山镇石湾村,3607261002070000000,欣山镇石湾村,5022.95,,0.0,0.0,5022.95,,4.0,,,,,0,,2019,0,,0,,,1473.53288134,5025.44767999,38642030.08768925,2779282.7037791815,5025.4476799929325
48,360726211000047998,2001010100,,10,0101,水田,30,3607261002110000000,欣山镇大坝村,3607261002110000000,欣山镇大坝村,4111.17,1203.0,0.1004,412.76,3698.41,TT,0.0,,,LYFL,粮与非粮轮作,0,,2019,0,3.0,0,,,269.104935414,4113.4375143,38649336.64342888,2774770.593183278,4113.437514300938
49,360726211000047999,2001010100,,11,0201,果园,30,3607261002110000000,欣山镇大坝村,3607261002110000000,欣山镇大坝村,947.23,,0.0,0.0,947.23,,0.0,,,,,0,,2019,0,,0,,,139.03467869,947.748897185,38649246.64458537,2775055.5010852185,947.7488971853385
50,360726211000048000,2001010100,,15,0302,竹林地,30,3607261002260000000,欣山镇孔田国有林场,3607261002090000000,欣山镇富田村,9771.12,,0.0,0.0,9771.12,,0.0,,,,,0,,2019,0,,1,,,460.510563738,9776.11498701,38643901.189996034,2775198.856145131,9776.114987011779
51,360726211000048001,2001010100,,12,0302,竹林地,30,3607261002110000000,欣山镇大坝村,3607261002110000000,欣山镇大坝村,34901.23,,0.0,0.0,34901.23,,0.0,,,,,0,,2019,0,,0,,,1307.81092183,34919.4391556,38645352.288073376,2775063.430107269,34919.43915563042
52,360726211000048002,2001010100,,13,0302,竹林地,30,3607261002110000000,欣山镇大坝村,3607261002110000000,欣山镇大坝村,44328.16,,0.0,0.0,44328.16,,0.0,,,,,0,,2019,0,,0,,,986.943941053,44353.1145548,38650993.64919974,2775270.0662431587,44353.11455475575
53,360726211000048003,2001010100,,14,0301,乔木林地,30,3607261002110000000,欣山镇大坝村,3607261002110000000,欣山镇大坝村,2671.13,,0.0,0.0,2671.13,,0.0,,,,,0,,2019,0,,0,,,258.607689396,2672.5487151,38646555.16578388,2775502.135179389,2672.5487150962567
54,360726211000048059,2001010100,,15,0201,果园,30,3607261002110000000,欣山镇大坝村,3607261002110000000,欣山镇大坝村,535.19,,0.0,0.0,535.19,,0.0,,,,,0,,2019,0,,0,,,91.581886324,535.473223343,38646178.81195025,2774830.3661302454,535.473223343251
55,360726211000048060,2001010100,,16,0101,水田,30,3607261002110000000,欣山镇大坝村,3607261002110000000,欣山镇大坝村,3252.26,1203.0,0.1192,387.67,2864.59,TT,0.0,,,WG,未耕种,0,,2019,0,4.0,0,,,305.911288347,3253.98755185,38646523.38001755,2774791.306390003,3253.987551845771
56,360726211000048061,2001010100,,17,0302,竹林地,30,3607261002110000000,欣山镇大坝村,3607261002110000000,欣山镇大坝村,9723.52,,0.0,0.0,9723.52,,0.0,,,,,0,,2019,0,,0,,,365.069543176,9728.97803431,38650737.82466732,2774810.132596195,9728.978034306303
57,360726211000048062,2001010100,,18,0201,果园,30,3607261002110000000,欣山镇大坝村,3607261002110000000,欣山镇大坝村,908.44,,0.0,0.0,908.44,,0.0,,,,,0,,2019,0,,0,,,126.56129459,908.919254727,38646137.958884574,2774843.752089152,908.919254727076
58,360726211000048063,2001010100,,19,0101,水田,30,3607261002110000000,欣山镇大坝村,3607261002110000000,欣山镇大坝村,13334.93,1203.0,0.1004,1338.83,11996.1,TT,0.0,,,LYFL,粮与非粮轮作,0,,2019,0,3.0,0,,,628.37520003,13342.297282,38649579.76760403,2774811.461385887,13342.297282037789
59,360726211000048064,2001010100,,20,1006,农村道路,30,3607261002110000000,欣山镇大坝村,3607261002110000000,欣山镇大坝村,347.83,,0.0,0.0,347.83,,3.29999995232,,,,,0,,2019,0,,0,,,178.861072451,348.015907964,38646566.52152854,2775527.847532395,348.0159079642304
60,360726211000048065,2001010100,,16,1101,河流水面,10,3607261002090000000,欣山镇富田村,3607261002090000000,欣山镇富田村,15183.45,,0.0,0.0,15183.45,,0.0,,,,,0,,2019,0,,0,,,2779.79819213,15191.1707424,38643575.696031876,2778457.215012388,15191.170742381497
61,360726211000048066,2001010100,,5,0101,水田,30,3607261002120000000,欣山镇碛角村,3607261002120000000,欣山镇碛角村,2071.29,1203.0,0.1192,246.9,1824.39,TT,0.0,,,LYFL,粮与非粮轮作,0,,2019,0,4.0,0,,,275.388563685,2072.27323686,38638606.44365957,2778812.3616171526,2072.2732368597
62,360726211000048067,2001010100,,17,0301,乔木林地,30,3607261002090000000,欣山镇富田村,3607261002090000000,欣山镇富田村,8165.12,,0.0,0.0,8165.12,,0.0,,,,,0,,2019,0,,0,,,442.239533116,8169.25202915,38643138.544768624,2778825.502573546,8169.252029149967
63,360726211000048068,2001010100,,18,0307,其他林地,30,3607261002090000000,欣山镇富田村,3607261002090000000,欣山镇富田村,2756.19,,0.0,0.0,2756.19,,0.0,,,,,0,,2019,0,,0,,,329.832529476,2757.58943714,38643506.56483311,2778903.9891433367,2757.5894371428662
64,360726211000048069,2001010100,,19,0301,乔木林地,30,3607261002090000000,欣山镇富田村,3607261002090000000,欣山镇富田村,2880.23,,0.0,0.0,2880.23,,0.0,,,,,0,,2019,0,,0,,,249.305646975,2881.70862015,38643957.76989103,2778900.9184940457,2881.7086201549214
65,360726211000048070,2001010100,,20,0101,水田,30,3607261002090000000,欣山镇富田村,3607261002090000000,欣山镇富田村,15672.54,1203.0,0.1192,1868.17,13804.37,TT,0.0,,,LS,种植粮食作物,0,,2019,0,4.0,0,,,1304.7187974,15680.5578903,38643957.69912761,2778823.652679038,15680.5578902938
66,360726211000048071,2001010100,,12,1006,农村道路,30,3607261002010000000,欣山镇修田村,3607261002010000000,欣山镇修田村,9765.69,,0.0,0.0,9765.69,,2.59999990463,,,,,0,,2019,0,,0,,,4459.94864543,9770.38361423,38639494.020990096,2778841.749811397,9770.383614227634
67,360726211000048072,2001010100,,7,1107,沟渠,30,3607261002070000000,欣山镇石湾村,3607261002070000000,欣山镇石湾村,2576.44,,0.0,0.0,2576.44,,4.0,,,,,0,,2019,0,,0,,,1299.18854389,2577.72938568,38642270.6871312,2778801.10383943,2577.7293856802553
68,360726211000048073,2001010100,,6,1104,坑塘水面,30,3607261002120000000,欣山镇碛角村,3607261002120000000,欣山镇碛角村,2931.02,,0.0,0.0,2931.02,,0.0,,,,,0,,2019,0,,0,,,210.017522531,2932.4108767,38638676.6209835,2779025.240984833,2932.410876695491
69,360726211000048074,2001010100,,21,0101,水田,30,3607261002090000000,欣山镇富田村,3607261002090000000,欣山镇富田村,1182.15,1203.0,0.1004,118.69,1063.46,TT,0.0,,,LS,种植粮食作物,0,,2019,0,3.0,0,,,188.694033756,1182.75080651,38643823.57823849,2779027.3302547056,1182.7508065072248
70,360726211000048075,2001010100,,13,05H1,商业服务业设施用地,30,3607261002010000000,欣山镇修田村,3607261002010000000,欣山镇修田村,3887.05,,0.0,0.0,3887.05,,0.0,,,,,0,203.0,2019,0,,0,,,276.839703602,3888.94760678,38640652.37034384,2779082.800080815,3888.9476067762585
71,360726211000048076,2001010100,,22,0101,水田,30,3607261002090000000,欣山镇富田村,3607261002090000000,欣山镇富田村,3482.76,1203.0,0.1004,349.67,3133.09,TT,0.0,,,LS,种植粮食作物,0,,2019,0,3.0,0,,,289.668015633,3484.53115886,38643496.52613109,2779095.9282833147,3484.531158857627
72,360726211000048077,2001010100,,23,0101,水田,30,3607261002090000000,欣山镇富田村,3607261002090000000,欣山镇富田村,12001.29,,0.0,0.0,12001.29,,0.0,,,LS,种植粮食作物,0,,2019,0,1.0,0,,,514.277833782,12007.4004309,38643652.99537806,2779038.203805134,12007.400430917214
73,360726211000048078,2001010100,,24,1006,农村道路,30,3607261002090000000,欣山镇富田村,3607261002090000000,欣山镇富田村,72.47,,0.0,0.0,72.47,,2.29999995232,,,,,0,,2019,0,,0,,,50.8107425683,72.5027770107,38643825.06168254,2779122.823661909,72.50277701072353
74,360726211000048079,2001010100,,25,1107,沟渠,30,3607261002090000000,欣山镇富田村,3607261002090000000,欣山镇富田村,168.0,,0.0,0.0,168.0,,2.40000009537,,,,,0,,2019,0,,0,,,171.224558761,168.088138494,38643613.86249171,2779096.8993336777,168.08813849381988
76,360726211000048081,2001010100,,26,1006,农村道路,30,3607261002090000000,欣山镇富田村,3607261002090000000,欣山镇富田村,220.14,,0.0,0.0,220.14,,3.79999995232,,,,,0,,2019,0,,0,,,120.462972805,220.249579964,38643535.56273928,2779117.0728528723,220.24957996389014
77,360726211000048082,2001010100,,27,0307,其他林地,30,3607261002090000000,欣山镇富田村,3607261002090000000,欣山镇富田村,3056.59,,0.0,0.0,3056.59,,0.0,,,,,0,,2019,0,,0,,,240.440034413,3058.15006795,38643854.21349819,2779094.3042990756,3058.1500679504416
79,360726211000048084,2001010100,,28,0101,水田,30,3607261002090000000,欣山镇富田村,3607261002090000000,欣山镇富田村,2695.05,,0.0,0.0,2695.05,,0.0,,,LS,种植粮食作物,0,,2019,0,1.0,0,,,231.727534469,2696.42105166,38643593.49876761,2779101.202582487,2696.421051659013
80,360726211000048085,2001010100,,29,1107,沟渠,30,3607261002090000000,欣山镇富田村,3607261002090000000,欣山镇富田村,95.55,,0.0,0.0,95.55,,1.29999995232,,,,,0,,2019,0,,0,,,152.378571219,95.5965547533,38643643.707828365,2779123.168892461,95.59655475330312
81,360726211000048086,2001010100,,30,0201,果园,30,3607261002090000000,欣山镇富田村,3607261002090000000,欣山镇富田村,2483.05,,0.0,0.0,2483.05,,0.0,,,,,0,,2019,0,,0,,,241.099034508,2484.36650103,38646331.504265614,2779092.8598297765,2484.3665010342993
83,360726211000048088,2001010100,,7,1004,城镇村道路用地,10,3607261002120000000,欣山镇碛角村,3607261002120000000,欣山镇碛角村,1237.69,,0.0,0.0,1237.69,,5.59999990463,,,,,0,202.0,2019,0,,0,,,456.720218428,1238.27953642,38639252.2279687,2779856.044978571,1238.2795364190843
84,360726211000048089,2001010100,,5,0201,果园,30,3607261002100000000,欣山镇金石村,3607261002100000000,欣山镇金石村,1513.87,,0.0,0.0,1513.87,,0.0,,,,,0,,2019,0,,0,,,156.882780056,1514.62982005,38642748.73691945,2779869.8056130297,1514.6298200524518
85,360726211000048090,2001010100,,15,0103,旱地,10,3607261002010000000,欣山镇修田村,3607261002010000000,欣山镇修田村,9382.45,1203.0,0.06,562.95,8819.5,PD,0.0,,,LYFL,粮与非粮轮作,0,202.0,2019,0,2.0,0,,,484.660055332,9386.99944208,38640241.27118569,2779811.8485628795,9386.99944208089
86,360726211000048091,2001010100,,16,1004,城镇村道路用地,10,3607261002010000000,欣山镇修田村,3607261002010000000,欣山镇修田村,565.38,,0.0,0.0,565.38,,11.3999996185,,,,,0,202.0,2019,0,,0,,,240.472143741,565.652116786,38640336.15798813,2779846.144416588,565.6521167859621
87,360726211000048092,2001010100,,21,0302,竹林地,30,3607261002110000000,欣山镇大坝村,3607261002110000000,欣山镇大坝村,5384.15,,0.0,0.0,5384.15,,0.0,,,,,0,,2019,0,,0,,,408.486040382,5387.10988253,38649286.08567853,2774846.1768867974,5387.1098825259205
88,360726211000048093,2001010100,,22,0302,竹林地,30,3607261002110000000,欣山镇大坝村,3607261002110000000,欣山镇大坝村,14213.01,,0.0,0.0,14213.01,,0.0,,,,,0,,2019,0,,0,,,635.75789407,14220.4909522,38646043.40980402,2776616.4345211224,14220.490952246293
89,360726211000048094,2001010100,,17,0201,果园,30,3607261002010000000,欣山镇修田村,3607261002010000000,欣山镇修田村,24899.06,,0.0,0.0,24899.06,,0.0,,,,,0,,2019,0,,0,,,946.907379993,24911.2344091,38640708.11954019,2776594.755088997,24911.234409125416
90,360726211000048095,2001010100,,18,0307,其他林地,30,3607261002010000000,欣山镇修田村,3607261002010000000,欣山镇修田村,6924.1,,0.0,0.0,6924.1,,0.0,,,,,0,,2019,0,,0,,,414.108402543,6927.44024495,38639784.12732429,2776691.9052241747,6927.4402449504
91,360726211000048097,2001010100,,24,1006,农村道路,30,3607261002110000000,欣山镇大坝村,3607261002110000000,欣山镇大坝村,4167.66,,0.0,0.0,4167.66,,2.70000004768,,,,,0,,2019,0,,0,,,2048.29709669,4169.94692424,38649233.77845217,2776516.4128724975,4169.946924239471
92,360726211000048098,2001010100,,31,0101,水田,30,3607261002090000000,欣山镇富田村,3607261002090000000,欣山镇富田村,4045.31,1203.0,0.1004,406.15,3639.16,TT,0.0,,,LS,种植粮食作物,0,,2019,0,3.0,0,,,398.716449753,4047.370408,38643697.53971461,2777985.730908357,4047.370407998381
93,360726211000048099,2001010100,,32,1006,农村道路,30,3607261002090000000,欣山镇富田村,3607261002090000000,欣山镇富田村,137.44,,0.0,0.0,137.44,,2.90000009537,,,,,0,,2019,0,,0,,,83.25854551,137.512372711,38643711.322982535,2778015.9756931895,137.5123727112615
94,360726211000048100,2001010100,,10,0101,水田,30,3607261002070000000,欣山镇石湾村,3607261002070000000,欣山镇石湾村,789.58,1203.0,0.1192,94.12,695.46,TT,0.0,,,WG,未耕种,0,,2019,0,4.0,0,,,154.804332673,789.974200825,38642393.64311374,2777995.734007922,789.9742008252973
95,360726211000048101,2001010100,,33,0103,旱地,30,3607261002090000000,欣山镇富田村,3607261002090000000,欣山镇富田村,423.32,1203.0,0.0974,41.23,382.09,PD,0.0,,,FLS,种植非粮食作,0,,2019,0,3.0,0,,,86.2903706239,423.532747957,38643764.68223397,2778016.7009998593,423.53274795669216
96,360726211000048102,2001010100,,8,1006,农村道路,30,3607261002120000000,欣山镇碛角村,3607261002120000000,欣山镇碛角村,495.28,,0.0,0.0,495.28,,4.09999990463,,,,,0,,2019,0,,0,,,368.07031504,495.520007369,38638859.40621819,2778456.144316631,495.5200073693876
97,360726211000048103,2001010100,,34,0307,其他林地,30,3607261002090000000,欣山镇富田村,3607261002090000000,欣山镇富田村,1247.53,,0.0,0.0,1247.53,,0.0,,,,,0,,2019,0,,0,,,163.416292799,1248.17902396,38645281.10293526,2778463.638087523,1248.179023962472
98,360726211000048104,2001010100,,35,1202,设施农用地,30,3607261002090000000,欣山镇富田村,3607261002090000000,欣山镇富田村,871.67,,0.0,0.0,871.67,,0.0,,,,,0,,2019,0,,0,,,139.472917829,872.115091996,38643724.23513,2778461.377328766,872.1150919959442
99,360726211000048105,2001010100,,25,0201,果园,30,3607261002110000000,欣山镇大坝村,3607261002110000000,欣山镇大坝村,2697.8,,0.0,0.0,2697.8,,0.0,,,,,0,,2019,0,,0,,,259.749489008,2699.24571082,38647283.98786637,2775490.2652081805,2699.245710819147
100,360726211000048106,2001010100,,26,0302,竹林地,30,3607261002110000000,欣山镇大坝村,3607261002110000000,欣山镇大坝村,1066.82,,0.0,0.0,1066.82,,0.0,,,,,0,,2019,0,,0,,,132.352330443,1067.38997511,38646554.95633843,2775624.3200729135,1067.389975111683
101,360726211000048107,2001010100,,19,0201,果园,30,3607261002010000000,欣山镇修田村,3607261002010000000,欣山镇修田村,5664.83,,0.0,0.0,5664.83,,0.0,,,,,0,,2019,0,,0,,,363.080324119,5667.60529168,38640975.95763331,2775587.215395397,5667.605291682258
102,360726211000048108,2001010100,,27,0302,竹林地,30,3607261002110000000,欣山镇大坝村,3607261002110000000,欣山镇大坝村,3477.94,,0.0,0.0,3477.94,,0.0,,,,,0,,2019,0,,0,,,341.708073349,3479.81383215,38647545.64546389,2775620.54743282,3479.8138321461165
103,360726211000048109,2001010100,,28,0101,水田,30,3607261002110000000,欣山镇大坝村,3607261002110000000,欣山镇大坝村,2812.65,1203.0,0.1192,335.27,2477.38,TT,0.0,,,LYFL,粮与非粮轮作,0,,2019,0,4.0,0,,,332.336521712,2814.13458695,38646331.56760621,2774756.6132499515,2814.1345869468864
104,360726211000048110,2001010100,,29,09,特殊用地,30,3607261002110000000,欣山镇大坝村,3607261002110000000,欣山镇大坝村,2152.16,,0.0,0.0,2152.16,,0.0,,,,,0,205.0,2019,0,,0,,,190.391792255,2153.34399147,38649088.97843958,2774766.0586782745,2153.3439914721603
105,360726211000048111,2001010100,,30,1006,农村道路,30,3607261002110000000,欣山镇大坝村,3607261002110000000,欣山镇大坝村,223.72,,0.0,0.0,223.72,,4.19999980927,,,,,0,,2019,0,,0,,,93.0342284249,223.841065169,38649303.08139811,2774792.8305225177,223.84106516881945
106,360726211000048112,2001010100,,31,0302,竹林地,30,3607261002110000000,欣山镇大坝村,3607261002110000000,欣山镇大坝村,1628.35,,0.0,0.0,1628.35,,0.0,,,,,0,,2019,0,,0,,,157.204673446,1629.25322819,38649456.78116308,2774782.8741663895,1629.2532281867773
107,360726211000048113,2001010100,,32,0302,竹林地,30,3607261002110000000,欣山镇大坝村,3607261002110000000,欣山镇大坝村,3426.58,,0.0,0.0,3426.58,,0.0,,,,,0,,2019,0,,0,,,221.813486129,3428.36476005,38645222.89102633,2774795.747536189,3428.3647600509503
109,360726211000048115,2001010100,,34,0301,乔木林地,30,3607261002110000000,欣山镇大坝村,3607261002110000000,欣山镇大坝村,5263.84,,0.0,0.0,5263.84,,0.0,,,,,0,,2019,0,,0,,,502.608971679,5266.61199325,38646182.08869307,2774810.4295176826,5266.611993252894
110,360726211000048116,2001010100,,35,0101,水田,30,3607261002110000000,欣山镇大坝村,3607261002110000000,欣山镇大坝村,1703.63,1203.0,0.1192,203.07,1500.56,TT,0.0,,,LYFL,粮与非粮轮作,0,,2019,0,4.0,0,,,248.677877557,1704.57273734,38649543.82644003,2774876.0010670666,1704.5727373374
111,360726211000048117,2001010100,,36,0302,竹林地,30,3607261002110000000,欣山镇大坝村,3607261002110000000,欣山镇大坝村,3370.77,,0.0,0.0,3370.77,,0.0,,,,,0,,2019,0,,0,,,267.65755521,3372.54546326,38646120.93092214,2774886.961347514,3372.545463259096
112,360726211000048118,2001010100,,37,0302,竹林地,30,3607261002110000000,欣山镇大坝村,3607261002110000000,欣山镇大坝村,5696.53,,0.0,0.0,5696.53,,0.0,,,,,0,,2019,0,,0,,,412.883649704,5699.6733405,38649373.22701789,2774886.44895789,5699.673340495657
113,360726211000048119,2001010100,,38,0302,竹林地,30,3607261002110000000,欣山镇大坝村,3607261002110000000,欣山镇大坝村,2692.68,,0.0,0.0,2692.68,,0.0,,,,,0,,2019,0,,0,,,198.375066484,2694.10790396,38646347.66862751,2774917.8323647887,2694.1079039559827
114,360726211000048120,2001010100,,39,0201,果园,30,3607261002110000000,欣山镇大坝村,3607261002110000000,欣山镇大坝村,5356.81,,0.0,0.0,5356.81,,0.0,,,,,0,,2019,0,,0,,,522.827645634,5359.75318919,38649180.15790555,2774900.493063486,5359.753189192942
115,360726211000048121,2001010100,,40,0302,竹林地,30,3607261002110000000,欣山镇大坝村,3607261002110000000,欣山镇大坝村,5866.49,,0.0,0.0,5866.49,,0.0,,,,,0,,2019,0,,0,,,461.644659969,5869.70659544,38649028.378284715,2774880.9494145876,5869.706595435718
116,360726211000048122,2001010100,,20,0307,其他林地,10,3607261002010000000,欣山镇修田村,3607261002010000000,欣山镇修田村,9130.29,,0.0,0.0,9130.29,,0.0,,,,,0,,2019,0,,0,,,439.067256165,9134.85226532,38642236.344844356,2774914.101997858,9134.852265323108
117,360726211000048123,2001010100,,41,0302,竹林地,30,3607261002110000000,欣山镇大坝村,3607261002110000000,欣山镇大坝村,2879.9,,0.0,0.0,2879.9,,0.0,,,,,0,,2019,0,,0,,,211.108923444,2881.4789687,38648843.32437843,2774934.071555725,2881.478968701087
118,360726211000048124,2001010100,,42,0101,水田,30,3607261002110000000,欣山镇大坝村,3607261002110000000,欣山镇大坝村,738.61,1203.0,0.1004,74.16,664.45,TT,0.0,,,WG,未耕种,0,,2019,0,3.0,0,,,179.855991992,739.014479251,38649488.1046886,2774937.2859161496,739.0144792508765
119,360726211000048125,2001010100,,43,0302,竹林地,30,3607261002110000000,欣山镇大坝村,3607261002110000000,欣山镇大坝村,3275.0,,0.0,0.0,3275.0,,0.0,,,,,0,,2019,0,,0,,,292.697045495,3276.72406361,38646194.70619964,2774932.907086063,3276.7240636082065
120,360726211000048126,2001010100,,44,0302,竹林地,30,3607261002110000000,欣山镇大坝村,3607261002110000000,欣山镇大坝村,6628.65,,0.0,0.0,6628.65,,0.0,,,,,0,,2019,0,,0,,,371.636286604,6632.32886327,38649854.14915121,2774947.6679348047,6632.328863273005
121,360726211000048127,2001010100,,45,0302,竹林地,30,3607261002110000000,欣山镇大坝村,3607261002110000000,欣山镇大坝村,862.74,,0.0,0.0,862.74,,0.0,,,,,0,,2019,0,,0,,,118.884035308,863.217294485,38648997.308406726,2775029.7677225955,863.2172944845379
122,360726211000048128,2001010100,,46,0302,竹林地,30,3607261002110000000,欣山镇大坝村,3607261002110000000,欣山镇大坝村,6889.67,,0.0,0.0,6889.67,,0.0,,,,,0,,2019,0,,0,,,375.518894822,6893.2592681,38645222.02753709,2775170.9401227636,6893.259268097595
123,360726211000048129,2001010100,,47,0302,竹林地,30,3607261002110000000,欣山镇大坝村,3607261002110000000,欣山镇大坝村,7439.18,,0.0,0.0,7439.18,,0.0,,,,,0,,2019,0,,0,,,363.419491572,7443.27376237,38649282.05911512,2775037.7915881285,7443.273762368216
124,360726211000048130,2001010100,,48,0302,竹林地,30,3607261002110000000,欣山镇大坝村,3607261002110000000,欣山镇大坝村,1383.84,,0.0,0.0,1383.84,,0.0,,,,,0,,2019,0,,0,,,159.851116053,1384.59524829,38648936.77346717,2775072.012341692,1384.5952482926755
125,360726211000048131,2001010100,,49,0101,水田,30,3607261002110000000,欣山镇大坝村,3607261002110000000,欣山镇大坝村,1854.71,1203.0,0.2105,390.42,1464.29,TT,0.0,,,WG,未耕种,0,,2019,0,5.0,0,,,290.572700417,1855.73509361,38649710.00953758,2775065.185687523,1855.7350936122045
126,360726211000048132,2001010100,,50,0101,水田,30,3607261002110000000,欣山镇大坝村,3607261002110000000,欣山镇大坝村,5235.9,1203.0,0.1004,525.68,4710.22,TT,0.0,,,LS,种植粮食作物,0,,2019,0,3.0,0,,,555.946019131,5238.777898,38649305.622277744,2774991.773867422,5238.777898001348
127,360726211000048133,2001010100,,51,0302,竹林地,30,3607261002110000000,欣山镇大坝村,3607261002110000000,欣山镇大坝村,6139.03,,0.0,0.0,6139.03,,0.0,,,,,0,,2019,0,,0,,,347.495558477,6142.23780454,38645552.61503789,2775066.0301796193,6142.237804539522
128,360726211000048134,2001010100,,52,0101,水田,30,3607261002110000000,欣山镇大坝村,3607261002110000000,欣山镇大坝村,11709.84,,0.0,0.0,11709.84,,0.0,,,LYFL,粮与非粮轮作,0,,2019,0,1.0,0,,,590.858695691,11715.9421818,38645276.33731621,2775087.8529405748,11715.942181776983
129,360726211000048135,2001010100,,53,0101,水田,30,3607261002110000000,欣山镇大坝村,3607261002110000000,欣山镇大坝村,2044.42,1203.0,0.1004,205.26,1839.16,TT,0.0,,,WG,未耕种,0,,2019,0,3.0,0,,,195.93277415,2045.55236006,38649611.04076701,2775099.403497024,2045.5523600610386
130,360726211000048136,2001010100,,54,0302,竹林地,30,3607261002110000000,欣山镇大坝村,3607261002110000000,欣山镇大坝村,1476.25,,0.0,0.0,1476.25,,0.0,,,,,0,,2019,0,,0,,,145.210937898,1477.06299862,38649410.73578454,2775112.2015849235,1477.0629986225526
131,360726211000048137,2001010100,,55,0103,旱地,30,3607261002110000000,欣山镇大坝村,3607261002110000000,欣山镇大坝村,969.29,1203.0,0.1619,156.93,812.36,PD,0.0,,,FLS,种植非粮食作,0,,2019,0,5.0,0,,,151.493838878,969.799904587,38645431.07791222,2775146.564515558,969.7999045870614
132,360726211000048139,2001010100,,57,0101,水田,30,3607261002110000000,欣山镇大坝村,3607261002110000000,欣山镇大坝村,2810.02,1203.0,0.1004,282.13,2527.89,TT,0.0,,,LYFL,粮与非粮轮作,0,,2019,0,3.0,0,,,220.022129516,2811.56292988,38649165.81745965,2776574.0207829727,2811.5629298848585
133,360726211000048141,2001010100,,59,0302,竹林地,30,3607261002110000000,欣山镇大坝村,3607261002110000000,欣山镇大坝村,2465.0,,0.0,0.0,2465.0,,0.0,,,,,0,,2019,0,,0,,,204.298004269,2466.30506987,38646154.959928714,2776574.4848978603,2466.305069872522
134,360726211000048143,2001010100,,61,0302,竹林地,30,3607261002110000000,欣山镇大坝村,3607261002110000000,欣山镇大坝村,2399.47,,0.0,0.0,2399.47,,0.0,,,,,0,,2019,0,,0,,,206.229745201,2400.7687843,38648089.338681236,2776587.445574671,2400.768784303095
135,360726211000048144,2001010100,,62,0302,竹林地,30,3607261002110000000,欣山镇大坝村,3607261002110000000,欣山镇大坝村,14198.01,,0.0,0.0,14198.01,,0.0,,,,,0,,2019,0,,0,,,722.228742928,14205.524458,38646417.52015074,2776491.374460588,14205.524458013604
137,360726211000048146,2001010100,,37,1104,坑塘水面,30,3607261002090000000,欣山镇富田村,3607261002090000000,欣山镇富田村,4735.23,,0.0,0.0,4735.23,,0.0,,,,,0,,2019,0,,0,,,481.591240482,4737.69284114,38645198.83378376,2777602.328851537,4737.692841139036
138,360726211000048147,2001010100,,63,0201,果园,30,3607261002110000000,欣山镇大坝村,3607261002110000000,欣山镇大坝村,12380.77,,0.0,0.0,12380.77,,0.0,,,,,0,,2019,0,,0,,,529.993065526,12387.4461374,38647816.05824459,2777623.83974701,12387.44613740758
139,360726211000048148,2001010100,,11,0201,果园,30,3607261002070000000,欣山镇石湾村,3607261002070000000,欣山镇石湾村,19489.5,,0.0,0.0,19489.5,,0.0,,,,,0,,2019,0,,0,,,548.458110142,19499.229869,38642216.16830401,2777603.47184852,19499.22986897809
140,360726211000048149,2001010100,,38,0201,果园,30,3607261002090000000,欣山镇富田村,3607261002090000000,欣山镇富田村,4358.83,,0.0,0.0,4358.83,,0.0,,,,,0,,2019,0,,0,,,275.259626929,4361.08812887,38644919.93204682,2777766.201309783,4361.088128870386
141,360726211000048150,2001010100,,39,0307,其他林地,30,3607261002090000000,欣山镇富田村,3607261002090000000,欣山镇富田村,1319.26,,0.0,0.0,1319.26,,0.0,,,,,0,,2019,0,,0,,,194.739866878,1319.95003616,38645190.84678193,2777785.620874553,1319.9500361618777
142,360726211000048151,2001010100,,40,0307,其他林地,30,3607261002090000000,欣山镇富田村,3607261002090000000,欣山镇富田村,1072.46,,0.0,0.0,1072.46,,0.0,,,,,0,,2019,0,,0,,,187.814076053,1073.01640436,38645304.36342445,2777802.140006839,1073.0164043630914
143,360726211000048152,2001010100,,41,1107,沟渠,30,3607261002090000000,欣山镇富田村,3607261002090000000,欣山镇富田村,7527.08,,0.0,0.0,7527.08,,6.09999990463,,,,,0,,2019,0,,0,,,2316.03174823,7530.99582199,38645222.36873454,2778444.562616302,7530.995821990588
144,360726211000048153,2001010100,,42,0101,水田,30,3607261002090000000,欣山镇富田村,3607261002090000000,欣山镇富田村,2874.02,1203.0,0.1192,342.58,2531.44,TT,0.0,,,LS,种植粮食作物,0,,2019,0,4.0,0,,,412.486825222,2875.48180873,38643288.16720694,2778509.9959078096,2875.481808733736
145,360726211000048154,2001010100,,43,0201,果园,30,3607261002090000000,欣山镇富田村,3607261002090000000,欣山镇富田村,6362.59,,0.0,0.0,6362.59,,0.0,,,,,0,,2019,0,,0,,,552.613636298,6365.95584528,38646324.3676269,2778504.82033269,6365.955845279589
146,360726211000048155,2001010100,,12,1104,坑塘水面,30,3607261002070000000,欣山镇石湾村,3607261002070000000,欣山镇石湾村,2838.64,,0.0,0.0,2838.64,,0.0,,,GCHF,工程恢复,0,,2019,0,,0,,,220.141589265,2840.04260403,38641469.391212985,2778528.4853826067,2840.0426040314255
147,360726211000048157,2001010100,,13,1006,农村道路,30,3607261002070000000,欣山镇石湾村,3607261002070000000,欣山镇石湾村,744.21,,0.0,0.0,744.21,,6.80000019073,,,,,0,,2019,0,,0,,,291.442408579,744.574002561,38641063.874163255,2778735.1879405333,744.5740025613593
148,360726211000048158,2001010100,,9,0307,其他林地,30,3607261002120000000,欣山镇碛角村,3607261002120000000,欣山镇碛角村,13664.09,,0.0,0.0,13664.09,,0.0,,,,,0,,2019,0,,0,,,748.785764439,13670.575366,38638637.42809595,2778790.770676494,13670.575366046074
149,360726211000048159,2001010100,,14,1006,农村道路,30,3607261002070000000,欣山镇石湾村,3607261002070000000,欣山镇石湾村,3556.2,,0.0,0.0,3556.2,,4.5,,,,,0,,2019,0,,0,,,1243.83297546,3557.97452008,38642167.86076326,2778619.471853795,3557.974520083759
150,360726211000048160,2001010100,,44,0101,水田,30,3607261002090000000,欣山镇富田村,3607261002090000000,欣山镇富田村,2915.26,1203.0,0.1004,292.69,2622.57,TT,0.0,,,LS,种植粮食作物,0,,2019,0,3.0,0,,,387.020974525,2916.78463115,38645780.400679015,2778699.214778792,2916.784631152619
151,360726211000048161,2001010100,,22,0201,果园,30,3607261002010000000,欣山镇修田村,3607261002010000000,欣山镇修田村,19594.24,,0.0,0.0,19594.24,,0.0,,,,,0,,2019,0,,0,,,565.419024771,19603.8212742,38640705.99313312,2778683.144991916,19603.821274161084
153,360726211000048163,2001010100,,46,0201,果园,30,3607261002090000000,欣山镇富田村,3607261002090000000,欣山镇富田村,10115.41,,0.0,0.0,10115.41,,0.0,,,,,0,,2019,0,,0,,,553.288374902,10120.7662388,38646448.34055727,2778822.0368589484,10120.76623876142
154,360726211000048164,2001010100,,47,0302,竹林地,30,3607261002090000000,欣山镇富田村,3607261002090000000,欣山镇富田村,1602.36,,0.0,0.0,1602.36,,0.0,,,,,0,,2019,0,,0,,,174.72944065,1603.17396244,38643525.4385237,2778845.0634361957,1603.1739624367492
155,360726211000048165,2001010100,,2,0307,其他林地,10,3607261002250000000,欣山镇城南社区,3607261002250000000,欣山镇城南社区,2285.21,,0.0,0.0,2285.21,,0.0,,,,,0,,2019,0,,0,,,221.44735125,2286.33492102,38641022.93142364,2778849.3804546595,2286.3349210217493
156,360726211000048166,2001010100,,48,0103,旱地,30,3607261002090000000,欣山镇富田村,3607261002090000000,欣山镇富田村,1049.97,1203.0,0.06,63.0,986.97,PD,0.0,,,FLS,种植非粮食作,0,,2019,0,2.0,0,,,195.738287423,1050.50234257,38643482.49054185,2778845.637772755,1050.5023425743648
157,360726211000048167,2001010100,,15,1006,农村道路,30,3607261002070000000,欣山镇石湾村,3607261002070000000,欣山镇石湾村,2699.78,,0.0,0.0,2699.78,,3.5,,,,,0,,2019,0,,0,,,1359.31320864,2701.1342145,38642272.730171114,2779583.643653993,2701.134214499361
158,360726211000048169,2001010100,,16,1107,沟渠,30,3607261002070000000,欣山镇石湾村,3607261002070000000,欣山镇石湾村,146.29,,0.0,0.0,146.29,,2.09999990463,,,,,0,,2019,0,,0,,,144.829996216,146.358661918,38641970.145120375,2779655.2903552605,146.35866191790112
159,360726211000048170,2001010100,,10,08H2,科教文卫用地,20,3607261002120000000,欣山镇碛角村,3607261002120000000,欣山镇碛角村,2905.88,,0.0,0.0,2905.88,,0.0,,,,,0,202.0,2019,0,,0,,,232.352438296,2907.266267,38638859.81372953,2779649.142460941,2907.26626699937
160,360726211000048171,2001010100,,50,0302,竹林地,30,3607261002090000000,欣山镇富田村,3607261002090000000,欣山镇富田村,7108.14,,0.0,0.0,7108.14,,0.0,,,,,0,,2019,0,,0,,,399.765821663,7111.93452362,38646996.05991339,2779624.883648784,7111.934523617341
161,360726211000048172,2001010100,,64,0302,竹林地,30,3607261002110000000,欣山镇大坝村,3607261002110000000,欣山镇大坝村,14226.14,,0.0,0.0,14226.14,,0.0,,,,,0,,2019,0,,0,,,486.155848454,14233.9616,38649207.458047375,2775121.929063086,14233.96159999853
162,360726211000048173,2001010100,,17,08H2,科教文卫用地,30,3607261002070000000,欣山镇石湾村,3607261002070000000,欣山镇石湾村,3009.61,,0.0,0.0,3009.61,,0.0,,,,,0,202.0,2019,0,,0,,,290.619322859,3011.08543775,38640972.1042877,2780082.378875115,3011.0854377535848
163,360726211000048174,2001010100,,11,1004,城镇村道路用地,10,3607261002120000000,欣山镇碛角村,3607261002120000000,欣山镇碛角村,5962.66,,0.0,0.0,5962.66,,38.0,,,,,0,202.0,2019,0,,0,,,487.848980184,5965.51661138,38639372.28072129,2779987.409697573,5965.516611376842
164,360726211000048175,2001010100,,6,1006,农村道路,30,3607261002100000000,欣山镇金石村,3607261002100000000,欣山镇金石村,529.95,,0.0,0.0,529.95,,2.29999995232,,,,,0,,2019,0,,0,,,430.305392866,530.219402805,38643155.51717413,2780268.589926339,530.2194028049098
165,360726211000048176,2001010100,,7,1107,沟渠,10,3607261002100000000,欣山镇金石村,3607261002100000000,欣山镇金石村,277.19,,0.0,0.0,277.19,,1.5,,,,,0,,2019,0,,0,,,283.368336529,277.331544531,38642015.71573067,2780327.6308370205,277.3315445313716
167,360726211000048178,2001010100,,51,1006,农村道路,30,3607261002090000000,欣山镇富田村,3607261002090000000,欣山镇富田村,1843.62,,0.0,0.0,1843.62,,3.0,,,,,0,,2019,0,,0,,,1105.5648566,1844.59066873,38645831.25965108,2780293.0384005974,1844.590668734506
168,360726211000048179,2001010100,,9,0101,水田,30,3607261002100000000,欣山镇金石村,3607261002100000000,欣山镇金石村,1088.73,,0.0,0.0,1088.73,,0.0,,,LS,种植粮食作物,0,,2019,0,1.0,0,,,193.673099414,1089.27964645,38642962.19207829,2780368.84129182,1089.2796464526723
169,360726211000048180,2001010100,,65,0201,果园,30,3607261002110000000,欣山镇大坝村,3607261002110000000,欣山镇大坝村,53251.54,,0.0,0.0,53251.54,,0.0,,,,,0,,2019,0,,0,,,1657.19686102,53280.2355183,38647724.23646192,2775207.0929099163,53280.23551831735
170,360726211000048181,2001010100,,66,09,特殊用地,30,3607261002110000000,欣山镇大坝村,3607261002110000000,欣山镇大坝村,1347.06,,0.0,0.0,1347.06,,0.0,,,,,0,205.0,2019,0,,0,,,157.278760981,1347.7691189,38646148.18319831,2775371.3907504617,1347.769118900465
171,360726211000048182,2001010100,,23,0307,其他林地,30,3607261002010000000,欣山镇修田村,3607261002010000000,欣山镇修田村,3700.0,,0.0,0.0,3700.0,,0.0,,,,,0,,2019,0,,0,,,255.606682893,3701.81224405,38640764.45187057,2775367.932863903,3701.812244054606
172,360726211000048183,2001010100,,67,0101,水田,30,3607261002110000000,欣山镇大坝村,3607261002110000000,欣山镇大坝村,4356.84,1203.0,0.1004,437.43,3919.41,TT,0.0,,,LS,种植粮食作物,0,,2019,0,3.0,0,,,317.062555292,4359.1431526,38646275.099954456,2775391.645334194,4359.143152603815
173,360726211000048184,2001010100,,68,0302,竹林地,30,3607261002110000000,欣山镇大坝村,3607261002110000000,欣山镇大坝村,8115.0,,0.0,0.0,8115.0,,0.0,,,,,0,,2019,0,,0,,,332.216910305,8119.34271983,38647264.34042663,2776023.361482956,8119.342719830113
174,360726211000048185,2001010100,,69,0307,其他林地,30,3607261002110000000,欣山镇大坝村,3607261002110000000,欣山镇大坝村,13944.15,,0.0,0.0,13944.15,,0.0,,,,,0,,2019,0,,0,,,495.087538291,13951.7201589,38648262.786457255,2775976.2450364283,13951.720158945745
175,360726211000048186,2001010100,,70,0307,其他林地,30,3607261002110000000,欣山镇大坝村,3607261002110000000,欣山镇大坝村,2392.44,,0.0,0.0,2392.44,,0.0,,,GCHF,工程恢复,0,,2019,0,,0,,,235.890834707,2393.72377218,38647678.5647777,2776039.7336664093,2393.7237721813085
176,360726211000048187,2001010100,,71,0302,竹林地,30,3607261002110000000,欣山镇大坝村,3607261002110000000,欣山镇大坝村,17289.3,,0.0,0.0,17289.3,,0.0,,,,,0,,2019,0,,0,,,681.993672972,17298.693192,38648352.86271511,2775982.9490715135,17298.693191991842
177,360726211000048188,2001010100,,72,1006,农村道路,30,3607261002110000000,欣山镇大坝村,3607261002110000000,欣山镇大坝村,499.66,,0.0,0.0,499.66,,3.8,,,,,0,,2019,0,,0,,,215.890624976,499.92723867,38647688.88775854,2776054.8275581617,499.92723867004037
178,360726211000048189,2001010100,,73,0302,竹林地,30,3607261002110000000,欣山镇大坝村,3607261002110000000,欣山镇大坝村,1956.37,,0.0,0.0,1956.37,,0.0,,,,,0,,2019,0,,0,,,167.597536976,1957.44683211,38649346.876334935,2776056.360132183,1957.4468321089948
179,360726211000048190,2001010100,,74,0307,其他林地,30,3607261002110000000,欣山镇大坝村,3607261002110000000,欣山镇大坝村,9421.62,,0.0,0.0,9421.62,,0.0,,,GCHF,工程恢复,0,,2019,0,,0,,,460.78508969,9426.68483814,38647507.92435848,2776051.015822555,9426.684838139541
180,360726211000048191,2001010100,,24,0404,其他草地,30,3607261002010000000,欣山镇修田村,3607261002010000000,欣山镇修田村,14132.31,,0.0,0.0,14132.31,,0.0,,,,,0,,2019,0,,0,,,658.783880902,14139.2122861,38640613.0543394,2775981.092726631,14139.212286112974
181,360726211000048192,2001010100,,75,0302,竹林地,30,3607261002110000000,欣山镇大坝村,3607261002110000000,欣山镇大坝村,4264.89,,0.0,0.0,4264.89,,0.0,,,,,0,,2019,0,,0,,,413.81224368,4267.19833892,38647895.66342547,2776061.6761870035,4267.198338919086
182,360726211000048194,2001010100,,76,0302,竹林地,30,3607261002110000000,欣山镇大坝村,3607261002110000000,欣山镇大坝村,2924.44,,0.0,0.0,2924.44,,0.0,,,,,0,,2019,0,,0,,,276.831362047,2926.02513713,38647904.816743396,2776897.1478715613,2926.0251371298127
183,360726211000048195,2001010100,,26,0602,采矿用地,30,3607261002010000000,欣山镇修田村,3607261002010000000,欣山镇修田村,36640.62,,0.0,0.0,36640.62,,0.0,,,,,0,204.0,2019,0,,0,,,925.267298716,36658.4314227,38640301.82509918,2776836.571319106,36658.43142270507
184,360726211000048196,2001010100,,77,0201,果园,30,3607261002110000000,欣山镇大坝村,3607261002110000000,欣山镇大坝村,2336.92,,0.0,0.0,2336.92,,0.0,,,,,0,,2019,0,,0,,,216.085286677,2338.19416652,38648430.39818711,2776918.708007035,2338.1941665248014
185,360726211000048197,2001010100,,27,0302,竹林地,30,3607261002010000000,欣山镇修田村,3607261002010000000,欣山镇修田村,3809.3,,0.0,0.0,3809.3,,0.0,,,,,0,,2019,0,,0,,,235.96509955,3811.12173686,38639004.15062062,2776946.3110136753,3811.1217368633424
186,360726211000048198,2001010100,,52,0201,果园,30,3607261002090000000,欣山镇富田村,3607261002090000000,欣山镇富田村,7498.12,,0.0,0.0,7498.12,,0.0,,,,,0,,2019,0,,0,,,360.628658025,7501.97620964,38644372.65005554,2776929.318821793,7501.976209643969
187,360726211000048199,2001010100,,28,0302,竹林地,30,3607261002010000000,欣山镇修田村,3607261002010000000,欣山镇修田村,12925.8,,0.0,0.0,12925.8,,0.0,,,,,0,,2019,0,,0,,,627.134717125,12931.9536159,38638842.863740414,2776875.711530902,12931.95361594
188,360726211000048200,2001010100,,29,1006,农村道路,30,3607261002010000000,欣山镇修田村,3607261002010000000,欣山镇修田村,2198.97,,0.0,0.0,2198.97,,4.5,,,,,0,,2019,0,,0,,,968.872813109,2200.05346248,38641428.46807248,2776816.4217696297,2200.0534624839297
189,360726211000048201,2001010100,,53,0101,水田,30,3607261002090000000,欣山镇富田村,3607261002090000000,欣山镇富田村,3788.01,1203.0,0.1192,451.53,3336.48,TT,0.0,,,LYFL,粮与非粮轮作,0,,2019,0,4.0,0,,,409.389707313,3789.94667605,38643875.579477794,2776888.518113534,3789.946676045745
190,360726211000048202,2001010100,,54,0302,竹林地,10,3607261002150000000,欣山镇安子岽林场,3607261002090000000,欣山镇富田村,2847.39,,0.0,0.0,2847.39,,0.0,,,,,0,,2019,0,,0,,,223.780768194,2848.90376361,38646880.48855137,2778333.694600592,2848.903763609928
191,360726211000048203,2001010100,,30,1006,农村道路,30,3607261002010000000,欣山镇修田村,3607261002010000000,欣山镇修田村,1042.48,,0.0,0.0,1042.48,,4.2,,,,,0,,2019,0,,0,,,363.270744557,1042.98721379,38640541.75633724,2778337.282865229,1042.9872137861234
192,360726211000048204,2001010100,,31,1006,农村道路,30,3607261002010000000,欣山镇修田村,3607261002010000000,欣山镇修田村,506.06,,0.0,0.0,506.06,,3.59999990463,,,,,0,,2019,0,,0,,,229.16976569,506.299645447,38638678.12656246,2778322.0820078184,506.29964544650574
194,360726211000048206,2001010100,,55,0201,果园,30,3607261002090000000,欣山镇富田村,3607261002090000000,欣山镇富田村,17095.27,,0.0,0.0,17095.27,,0.0,,,,,0,,2019,0,,0,,,662.59667678,17104.0401699,38644153.30357492,2778276.1443757988,17104.04016988942
195,360726211000048207,2001010100,,56,0602,采矿用地,30,3607261002090000000,欣山镇富田村,3607261002090000000,欣山镇富田村,4584.95,,0.0,0.0,4584.95,,0.0,,,,,0,204.0,2019,0,,0,,,307.622525003,4587.30384189,38644264.302783474,2778332.194075453,4587.303841885665
196,360726211000048208,2001010100,,57,0301,乔木林地,30,3607261002090000000,欣山镇富田村,3607261002090000000,欣山镇富田村,2599.49,,0.0,0.0,2599.49,,0.0,,,,,0,,2019,0,,0,,,268.906623748,2600.81844327,38643811.94258227,2778320.3335663606,2600.8184432734606
197,360726211000048209,2001010100,,12,0809,公用设施用地,30,3607261002120000000,欣山镇碛角村,3607261002120000000,欣山镇碛角村,626.99,,0.0,0.0,626.99,,0.0,,,,,0,203.0,2019,0,,0,,,108.26773242,627.286884157,38638478.25795433,2778374.2522797324,627.2868841572335
198,360726211000048210,2001010100,,32,1006,农村道路,30,3607261002010000000,欣山镇修田村,3607261002010000000,欣山镇修田村,263.66,,0.0,0.0,263.66,,2.79999995232,,,,,0,,2019,0,,0,,,99.9956414836,263.786249937,38641156.46843456,2778364.7623781324,263.7862499368697
199,360726211000048211,2001010100,,58,0301,乔木林地,30,3607261002090000000,欣山镇富田村,3607261002090000000,欣山镇富田村,22615.14,,0.0,0.0,22615.14,,0.0,,,,,0,,2019,0,,0,,,1054.93731405,22626.7556935,38644208.68980433,2779222.6806096043,22626.755693536652
201,360726211000048213,2001010100,,33,0103,旱地,10,3607261002010000000,欣山镇修田村,3607261002010000000,欣山镇修田村,4166.65,1203.0,0.0974,405.83,3760.82,PD,0.0,,,FLS,种植非粮食作,0,202.0,2019,0,3.0,0,,,299.289961266,4168.67691057,38640278.78005331,2779276.851031712,4168.676910570636
